client_id,signup_date,industry,plan_type,contract_length_months,monthly_revenue,onboarding_days,support_tickets_90d,avg_logins_per_week,days_since_last_login,late_payments_count,nps_score,churned
CLT-1000,2024-01-22,Real Estate,Pro,6,825.36,7,2,3.8,22,1,53.0,0
CLT-1001,2023-05-10,Healthcare,Basic,6,384.75,8,3,7.2,1,2,54.0,0
CLT-1002,2024-10-23,Education,Enterprise,6,2531.25,14,1,8.3,1,0,,0
CLT-1003,2024-12-30,Logistics,Pro,12,981.04,1,6,4.2,16,4,19.0,0
CLT-1004,2024-11-13,Real Estate,Basic,6,280.11,21,4,1.9,2,0,28.0,0
CLT-1005,2024-09-26,Real Estate,Enterprise,1,3029.14,6,3,0.6,0,1,47.0,0
CLT-1006,2023-07-31,Logistics,Pro,1,1141.76,10,5,7.8,5,1,89.0,0
CLT-1007,2024-04-22,Education,Pro,24,903.29,12,3,1.6,8,0,0.0,0
CLT-1008,2023-04-05,Real Estate,Basic,1,410.11,14,2,6.1,3,0,70.0,0
CLT-1009,2023-12-03,SaaS,Basic,1,245.51,11,5,7.3,9,1,36.0,0
CLT-1010,2024-03-31,SaaS,Basic,12,263.93,13,1,3.5,9,0,51.0,0
CLT-1011,2024-08-24,eCommerce,Enterprise,6,2883.18,14,1,4.5,17,0,35.0,1
CLT-1012,2023-03-29,Real Estate,Pro,24,1098.76,10,2,8.0,22,2,65.0,0
CLT-1013,2025-01-01,Logistics,Pro,24,855.37,8,4,2.6,17,1,38.0,0
CLT-1014,2024-02-18,Education,Basic,12,339.73,23,4,2.3,15,1,14.0,0
CLT-1015,2025-03-04,eCommerce,Basic,12,297.31,1,2,4.3,13,0,41.0,0
CLT-1016,2024-04-19,Education,Pro,6,1019.21,12,4,8.8,9,0,58.0,0
CLT-1017,2024-05-07,Logistics,Basic,1,358.68,10,2,9.8,0,2,30.0,0
CLT-1018,2024-09-15,SaaS,Pro,6,1245.32,17,3,4.7,15,1,-22.0,0
CLT-1019,2025-01-07,Healthcare,Pro,1,966.08,2,3,2.9,4,1,27.0,0
CLT-1020,2023-05-22,Healthcare,Pro,1,1070.04,10,3,8.2,1,3,32.0,0
CLT-1021,2024-04-05,Finance,Basic,12,344.05,13,6,0.0,0,2,29.0,0
CLT-1022,2023-01-27,Finance,Enterprise,1,2476.33,23,2,5.7,2,3,18.0,0
CLT-1023,2024-03-03,Education,Enterprise,1,2379.6,17,0,4.9,2,0,63.0,0
CLT-1024,2025-01-02,Real Estate,Pro,12,1253.45,5,2,8.9,1,2,-29.0,0
CLT-1025,2025-02-17,Real Estate,Basic,12,277.23,10,2,9.2,16,1,32.0,0
CLT-1026,2023-09-13,Healthcare,Basic,1,382.25,21,2,2.2,9,2,33.0,1
CLT-1027,2023-12-14,Education,Basic,1,266.39,4,4,5.5,2,2,82.0,0
CLT-1028,2024-05-11,SaaS,Basic,6,384.78,13,2,3.3,9,1,30.0,0
CLT-1029,2023-12-23,eCommerce,Pro,6,820.29,14,4,4.1,0,0,41.0,0
CLT-1030,2023-06-10,SaaS,Pro,12,1242.26,11,2,6.9,21,2,33.0,0
CLT-1031,2023-10-02,Real Estate,Enterprise,24,3028.98,36,1,4.0,8,1,32.0,0
CLT-1032,2023-12-30,Healthcare,Basic,12,256.22,11,2,5.6,8,0,74.0,0
CLT-1033,2024-04-11,eCommerce,Basic,12,364.77,18,3,7.9,3,1,2.0,1
CLT-1034,2025-04-08,Healthcare,Basic,12,348.65,8,3,9.5,9,3,13.0,0
CLT-1035,2024-05-05,Finance,Basic,12,300.76,18,2,5.9,7,1,49.0,0
CLT-1036,2023-12-15,Real Estate,Basic,6,286.93,21,3,5.4,21,0,,0
CLT-1037,2024-08-17,Education,Basic,1,369.38,9,5,1.7,4,5,23.0,1
CLT-1038,2024-11-26,Finance,Basic,12,373.45,14,3,9.8,25,1,28.0,1
CLT-1039,2024-01-23,Finance,Pro,12,896.69,7,6,6.5,37,3,53.0,0
CLT-1040,2024-03-16,Healthcare,Basic,1,397.72,5,2,5.4,7,2,42.0,0
CLT-1041,2023-07-16,Finance,Pro,6,865.17,22,3,5.3,41,1,12.0,1
CLT-1042,2025-02-17,Finance,Pro,6,757.73,10,5,6.1,26,3,36.0,0
CLT-1043,2025-02-19,Finance,Basic,6,347.98,1,2,7.3,9,2,29.0,0
CLT-1044,2023-06-07,Healthcare,Pro,12,777.82,28,1,7.7,12,1,42.0,1
CLT-1045,2023-11-08,eCommerce,Pro,12,869.4,8,2,9.8,8,1,22.0,1
CLT-1046,2023-09-02,Logistics,Basic,12,331.29,12,5,5.7,15,2,0.0,1
CLT-1047,2025-04-10,Finance,Basic,6,291.54,27,1,10.3,1,2,47.0,0
CLT-1048,2023-02-28,Finance,Pro,1,836.1,13,3,8.2,8,0,44.0,0
CLT-1049,2023-07-06,Real Estate,Basic,12,366.57,13,2,4.8,0,2,65.0,1
CLT-1050,2023-10-11,eCommerce,Basic,12,338.46,4,3,0.0,45,1,-3.0,1
CLT-1051,2024-05-19,Healthcare,Basic,1,391.16,1,2,5.3,28,0,28.0,0
CLT-1052,2023-08-13,Logistics,Pro,6,1033.87,13,4,9.7,2,2,24.0,0
CLT-1053,2024-04-27,Real Estate,Pro,12,981.06,17,5,2.7,3,2,20.0,0
CLT-1054,2024-11-03,Healthcare,Pro,12,861.08,16,4,5.2,6,0,-9.0,0
CLT-1055,2025-01-15,Healthcare,Pro,24,1147.72,10,9,5.5,13,0,3.0,0
CLT-1056,2023-03-31,SaaS,Basic,12,275.44,14,2,7.8,12,3,37.0,0
CLT-1057,2023-05-05,Healthcare,Pro,12,850.8,1,2,3.8,4,0,18.0,0
CLT-1058,2023-03-27,Logistics,Basic,12,391.49,18,7,,6,0,9.0,1
CLT-1059,2025-03-29,eCommerce,Basic,6,373.41,15,2,6.7,2,0,66.0,0
CLT-1060,2024-08-09,Finance,Pro,12,1050.95,30,3,2.8,3,1,89.0,0
CLT-1061,2024-04-23,SaaS,Basic,12,247.01,14,2,0.0,3,0,29.0,0
CLT-1062,2024-12-12,Logistics,Pro,6,788.72,6,3,10.5,31,0,-8.0,0
CLT-1063,2024-06-11,Real Estate,Pro,24,989.98,14,1,7.8,26,1,40.0,0
CLT-1064,2023-07-31,Education,Pro,6,1123.02,11,6,10.7,14,0,-22.0,0
CLT-1065,2024-04-04,Finance,Pro,1,970.61,17,3,7.6,14,2,-4.0,0
CLT-1066,2024-09-24,Real Estate,Pro,6,729.34,14,3,7.0,6,3,40.0,0
CLT-1067,2023-02-02,Logistics,Basic,24,273.17,4,2,6.1,1,2,-5.0,0
CLT-1068,2024-06-29,Logistics,Basic,24,345.98,1,1,4.4,9,1,23.0,0
CLT-1069,2024-03-23,Real Estate,Basic,12,364.96,16,1,6.5,1,2,-7.0,0
CLT-1070,2023-03-04,eCommerce,Basic,24,246.02,25,5,3.3,0,0,31.0,1
CLT-1071,2023-08-26,Real Estate,Basic,24,247.8,15,6,1.8,3,1,58.0,0
CLT-1072,2024-02-08,eCommerce,Enterprise,12,2391.97,21,1,4.0,9,2,15.0,1
CLT-1073,2023-11-05,Real Estate,Basic,24,255.03,22,1,8.9,19,3,30.0,0
CLT-1074,2023-09-19,Logistics,Basic,6,337.55,16,0,1.3,6,0,10.0,0
CLT-1075,2024-08-07,eCommerce,pro,12,262.27,7,3,1.4,16,0,11.0,1
CLT-1076,2023-12-30,eCommerce,Basic,12,356.68,16,4,6.8,1,1,9.0,0
CLT-1077,2024-03-23,Education,Pro,12,1139.7,24,1,3.8,5,0,50.0,0
CLT-1078,2024-12-19,Healthcare,Pro,6,1244.08,18,7,6.5,15,2,-5.0,0
CLT-1079,2023-03-25,eCommerce,Pro,12,1232.14,20,2,8.0,3,1,22.0,0
CLT-1080,2023-11-20,Logistics,Pro,24,867.62,10,4,6.4,20,3,40.0,0
CLT-1081,2023-03-07,Education,Basic,6,245.29,12,5,3.1,0,0,53.0,0
CLT-1082,2025-04-14,Education,Pro,24,897.88,13,2,8.8,48,1,41.0,0
CLT-1083,2023-06-17,Education,Basic,6,367.53,14,2,7.2,30,0,28.0,0
CLT-1084,2025-01-07,Finance,Basic,6,250.76,23,3,5.1,20,3,16.0,1
CLT-1085,2023-06-21,Logistics,Basic,1,304.75,1,3,4.9,4,3,53.0,0
CLT-1086,2023-10-19,Healthcare,Pro,12,880.94,14,2,6.1,0,2,8.0,0
CLT-1087,2024-07-01,Finance,Basic,12,279.48,13,2,4.1,3,2,9.0,0
CLT-1088,2025-01-18,eCommerce,Basic,6,367.1,3,3,0.1,13,1,64.0,0
CLT-1089,2023-06-10,Healthcare,Pro,12,1075.91,19,5,7.3,9,3,39.0,1
CLT-1090,2023-07-11,Education,Basic,6,336.39,8,3,7.1,1,1,40.0,0
CLT-1091,2025-03-04,Finance,Pro,12,1211.82,11,6,0.0,1,2,45.0,1
CLT-1092,2023-10-17,Healthcare,Basic,24,258.56,29,2,6.5,21,0,28.0,0
CLT-1093,2023-07-08,Education,Basic,12,266.94,22,2,10.3,6,2,-6.0,0
CLT-1094,2024-10-31,Finance,Basic,12,309.02,19,3,1.6,5,3,36.0,1
CLT-1095,2023-03-24,Education,Pro,12,1074.18,17,3,4.8,7,1,30.0,0
CLT-1096,2025-02-19,SaaS,Basic,24,345.13,13,4,4.5,37,1,9.0,1
CLT-1097,2025-02-27,Logistics,Basic,6,253.33,30,3,10.0,24,0,3.0,0
CLT-1098,2025-02-09,eCommerce,Basic,6,412.52,20,1,8.4,43,1,29.0,0
CLT-1099,2023-09-23,Education,Enterprise,1,2457.6,8,4,2.4,29,2,-4.0,1
CLT-1100,2023-04-13,SaaS,Enterprise,12,2538.46,3,2,6.0,8,1,26.0,1
CLT-1101,2024-01-18,Finance,Pro,12,1056.76,19,3,11.9,10,1,23.0,0
CLT-1102,2023-10-29,eCommerce,Basic,12,410.13,14,2,3.1,11,4,27.0,0
CLT-1103,2025-05-13,Healthcare,Enterprise,6,2994.03,3,5,5.0,9,2,40.0,0
CLT-1104,2024-07-22,eCommerce,Pro,1,1235.58,17,1,6.5,12,0,46.0,0
CLT-1105,2025-04-29,Education,Pro,12,821.3,12,3,3.2,13,0,12.0,0
CLT-1106,2024-11-06,Healthcare,Basic,24,351.39,18,5,10.3,19,4,52.0,1
CLT-1107,2024-10-05,Education,Basic,6,389.2,18,3,3.6,8,1,25.0,0
CLT-1108,2023-04-11,SaaS,Basic,6,331.62,9,3,0.8,16,1,74.0,0
CLT-1109,2023-03-04,Real Estate,Enterprise,6,2543.26,19,2,3.4,8,0,15.0,0
CLT-1110,2023-02-11,Finance,Basic,12,417.26,10,3,7.0,39,2,-10.0,0
CLT-1111,2024-06-18,Finance,Basic,6,265.38,11,4,2.6,13,0,51.0,1
CLT-1112,2023-07-01,eCommerce,Basic,6,313.97,10,3,5.9,12,1,41.0,1
CLT-1113,2025-06-09,Healthcare,Pro,12,1191.62,23,5,6.7,7,2,60.0,0
CLT-1114,2023-04-30,Healthcare,Basic,6,402.09,12,1,,2,1,38.0,0
CLT-1115,2025-05-02,Real Estate,Enterprise,6,3470.57,25,2,3.3,1,0,89.0,0
CLT-1116,2024-08-23,Real Estate,Pro,1,1197.82,28,2,6.0,2,1,25.0,0
CLT-1117,2023-04-06,SaaS,Pro,24,747.52,8,3,7.1,25,0,56.0,0
CLT-1118,2023-02-22,Education,Basic,12,407.36,1,4,3.4,2,4,17.0,1
CLT-1119,2023-12-23,eCommerce,Pro,6,951.21,22,2,5.5,24,1,42.0,0
CLT-1120,2023-11-02,Healthcare,Pro,1,1071.87,11,3,4.1,7,3,47.0,1
CLT-1121,2023-10-11,Education,Pro,12,932.91,7,2,7.2,20,1,51.0,0
CLT-1122,2024-04-20,Logistics,Basic,24,386.46,9,1,6.6,11,0,49.0,0
CLT-1123,2023-04-27,Healthcare,Basic,1,343.67,11,5,3.9,12,2,-51.0,1
CLT-1124,2023-04-27,Finance,Basic,1,392.2,24,1,6.4,17,1,28.0,0
CLT-1125,2024-09-17,Healthcare,Basic,1,274.88,15,2,3.8,5,1,16.0,0
CLT-1126,2025-06-10,Real Estate,Basic,12,273.3,24,3,6.4,1,1,21.0,0
CLT-1127,2023-09-04,eCommerce,Basic,24,319.27,18,3,6.4,13,2,23.0,0
CLT-1128,2025-04-18,eCommerce,Basic,12,240.86,12,7,12.1,6,2,54.0,0
CLT-1129,2023-11-07,Real Estate,Pro,6,1094.14,11,3,4.0,10,1,35.0,0
CLT-1130,2023-10-30,Real Estate,Basic,12,293.29,18,6,4.6,14,3,17.0,0
CLT-1131,2023-03-23,Education,Enterprise,12,2835.95,21,3,3.1,3,2,-7.0,0
CLT-1132,2024-01-16,Healthcare,Pro,6,757.8,22,3,1.9,6,2,68.0,0
CLT-1133,2024-03-24,Finance,Basic,6,270.72,12,2,3.6,5,0,14.0,0
CLT-1134,2024-08-20,Logistics,Pro,6,1056.34,15,2,7.0,1,0,27.0,0
CLT-1135,2023-05-23,SaaS,Basic,12,295.02,19,1,7.2,7,0,83.0,0
CLT-1136,2023-06-19,Education,Enterprise,12,2322.08,11,5,5.9,14,0,14.0,0
CLT-1137,2024-01-24,Logistics,Basic,12,281.19,5,3,4.1,0,2,23.0,1
CLT-1138,2023-03-04,Healthcare,Pro,12,836.0,8,1,3.5,6,0,36.0,0
CLT-1139,2023-05-10,Real Estate,Basic,6,352.11,12,5,2.2,5,1,,0
CLT-1140,2024-07-20,Healthcare,Basic,6,270.18,19,5,3.3,10,0,-13.0,0
CLT-1141,2025-05-08,Logistics,Basic,1,305.29,24,4,1.1,2,1,18.0,0
CLT-1142,2024-05-30,Real Estate,Enterprise,24,3031.83,3,0,9.1,3,1,19.0,0
CLT-1143,2023-05-11,Real Estate,Pro,12,997.38,9,2,10.5,13,1,33.0,0
CLT-1144,2025-06-10,eCommerce,Basic,6,347.51,11,2,0.0,7,1,6.0,1
CLT-1145,2024-04-14,Healthcare,Basic,1,285.16,20,1,5.9,9,2,41.0,1
CLT-1146,2024-10-07,Real Estate,Basic,12,407.89,10,3,5.8,11,1,-24.0,0
CLT-1147,2023-06-27,Real Estate,Pro,12,943.49,11,3,5.6,1,2,28.0,0
CLT-1148,2024-06-04,Healthcare,Basic,12,291.65,3,2,3.2,12,0,39.0,0
CLT-1149,2023-03-10,Logistics,Basic,6,402.78,18,3,8.1,14,3,38.0,1
CLT-1150,2024-07-17,eCommerce,Pro,24,1073.86,13,5,6.2,8,1,26.0,0
CLT-1151,2023-07-02,Real Estate,Enterprise,12,2920.92,9,6,8.1,10,5,13.0,1
CLT-1152,2025-03-29,SaaS,Basic,12,399.61,12,4,2.8,27,1,25.0,0
CLT-1153,2023-02-19,Real Estate,Pro,12,751.61,23,1,0.9,25,1,61.0,0
CLT-1154,2024-08-10,Education,Basic,24,390.78,6,1,6.3,13,0,15.0,0
CLT-1155,2023-05-06,Education,Pro,24,1086.05,7,0,2.1,18,1,54.0,1
CLT-1156,2024-09-10,Logistics,Basic,12,304.8,24,2,8.2,25,0,58.0,0
CLT-1157,2024-03-20,Education,Pro,12,858.43,15,3,0.0,20,1,-13.0,0
CLT-1158,2025-05-20,SaaS,Pro,6,776.6,19,0,3.6,14,2,27.0,0
CLT-1159,2024-08-09,Healthcare,Pro,12,1228.18,17,2,3.2,17,2,6.0,0
CLT-1160,2023-12-01,Logistics,Basic,12,265.54,14,2,4.0,15,1,-8.0,0
CLT-1161,2023-03-20,Education,Enterprise,1,2389.16,11,2,5.8,10,0,50.0,0
CLT-1162,2024-06-20,Logistics,Basic,1,364.4,21,2,6.2,9,1,42.0,0
CLT-1163,2024-02-01,Education,Basic,24,367.83,23,2,6.9,23,1,37.0,0
CLT-1164,2023-02-17,eCommerce,Pro,24,806.82,23,1,7.3,18,1,3.0,0
CLT-1165,2024-06-07,eCommerce,Basic,24,386.54,5,2,4.5,4,2,35.0,0
CLT-1166,2023-07-08,SaaS,Pro,12,995.56,24,4,11.3,21,0,-3.0,0
CLT-1167,2023-07-30,Logistics,Pro,12,1178.17,11,3,9.2,50,1,32.0,0
CLT-1168,2023-01-09,Logistics,Basic,12,255.71,8,6,4.1,9,0,13.0,0
CLT-1169,2023-12-01,eCommerce,Enterprise,6,2064.24,13,1,4.6,9,2,56.0,0
CLT-1170,2023-07-16,Education,Basic,1,354.66,21,7,4.0,7,1,21.0,1
CLT-1171,2023-03-06,Education,Pro,24,801.01,18,5,6.1,16,1,36.0,1
CLT-1172,2024-01-26,Healthcare,Basic,1,334.49,12,5,2.1,3,1,36.0,0
CLT-1173,2023-07-18,eCommerce,Enterprise,12,2021.16,21,4,2.6,1,1,28.0,0
CLT-1174,2023-05-01,Education,Basic,12,380.39,15,4,0.0,6,2,33.0,0
CLT-1175,2024-02-25,Logistics,Basic,12,401.92,9,3,3.8,37,0,38.0,0
CLT-1176,2023-02-26,eCommerce,Basic,6,391.0,8,4,8.2,11,2,8.0,1
CLT-1177,2025-06-10,eCommerce,Enterprise,12,3437.53,17,3,4.5,17,0,40.0,1
CLT-1178,2024-02-28,Real Estate,Enterprise,6,3354.64,13,4,4.7,15,3,52.0,0
CLT-1179,2025-06-15,Real Estate,pro,12,959.77,3,3,5.8,4,1,40.0,0
CLT-1180,2025-03-04,eCommerce,Enterprise,6,2597.52,21,2,2.0,14,1,21.0,1
CLT-1181,2025-05-31,Finance,Enterprise,12,3344.28,10,4,5.1,3,2,34.0,0
CLT-1182,2024-05-03,Healthcare,Pro,12,1220.55,27,4,7.7,1,1,21.0,0
CLT-1183,2024-01-16,Healthcare,Basic,6,415.11,3,2,5.9,3,1,27.0,0
CLT-1184,2024-10-09,SaaS,Pro,6,1134.89,13,2,7.9,12,0,0.0,0
CLT-1185,2023-03-14,Finance,Pro,12,829.07,8,2,8.8,6,1,65.0,0
CLT-1186,2025-01-26,eCommerce,Basic,1,410.09,6,2,7.0,8,1,78.0,0
CLT-1187,2023-10-19,Finance,Basic,6,410.49,10,0,2.9,7,2,12.0,0
CLT-1188,2023-01-07,Real Estate,Pro,12,1079.71,28,3,4.0,7,0,50.0,0
CLT-1189,2023-08-02,Finance,Basic,24,394.31,15,7,10.8,16,1,66.0,0
CLT-1190,2023-08-07,eCommerce,Enterprise,12,2841.76,8,5,5.9,11,1,6.0,0
CLT-1191,2023-01-13,eCommerce,Basic,6,409.94,1,4,5.5,42,2,-24.0,0
CLT-1192,2024-08-24,Education,Basic,24,256.91,1,1,2.4,8,0,68.0,0
CLT-1193,2023-03-27,Education,Pro,12,1186.54,10,6,4.7,12,4,30.0,1
CLT-1194,2025-02-01,Real Estate,Basic,12,249.99,9,2,7.1,21,1,17.0,0
CLT-1195,2024-02-12,SaaS,Basic,12,301.04,12,3,5.0,0,2,31.0,0
CLT-1196,2024-10-08,Finance,Pro,6,793.08,1,3,3.4,1,1,21.0,0
CLT-1197,2023-11-02,Healthcare,Enterprise,6,2718.7,13,3,4.1,12,1,100.0,0
CLT-1198,2023-04-29,Finance,Basic,12,281.8,22,3,8.6,1,1,17.0,0
CLT-1199,2023-06-12,Finance,Basic,1,411.37,27,5,7.0,5,2,38.0,0
CLT-1200,2024-08-04,Education,Pro,12,1022.03,1,1,6.6,30,1,62.0,0
CLT-1201,2024-10-06,Logistics,Enterprise,6,3346.6,8,4,6.3,31,2,62.0,0
CLT-1202,2023-08-29,Logistics,Pro,6,870.15,7,4,1.5,1,3,57.0,0
CLT-1203,2023-11-18,Real Estate,Basic,1,244.68,15,1,5.8,7,2,19.0,0
CLT-1204,2025-04-30,SaaS,Basic,12,379.62,4,3,8.2,9,0,26.0,0
CLT-1205,2025-02-05,Healthcare,Basic,12,366.43,27,3,4.2,24,1,-24.0,0
CLT-1206,2024-01-07,Education,Basic,6,338.19,14,7,7.9,22,5,28.0,1
CLT-1207,2023-08-05,Education,Pro,6,1160.29,13,3,6.6,8,3,31.0,0
CLT-1208,2023-09-29,Real Estate,Basic,6,391.22,27,4,7.5,8,0,49.0,0
CLT-1209,2024-04-29,Logistics,Pro,12,1037.47,14,1,5.2,6,0,75.0,0
CLT-1210,2024-05-25,SaaS,Pro,6,1241.6,17,4,7.7,13,5,48.0,1
CLT-1211,2023-06-15,Real Estate,Pro,12,1108.64,8,1,0.6,6,1,57.0,0
CLT-1212,2023-03-01,Real Estate,Basic,6,361.84,3,4,5.1,1,0,30.0,0
CLT-1213,2024-03-21,Finance,Pro,6,915.17,9,5,7.1,8,2,62.0,0
CLT-1214,2024-12-18,Healthcare,Pro,12,721.22,31,4,5.9,5,2,30.0,0
CLT-1215,2023-05-18,eCommerce,Pro,12,850.11,19,6,8.3,30,1,59.0,0
CLT-1216,2024-01-03,Healthcare,Basic,1,377.51,16,6,4.5,5,1,50.0,0
CLT-1217,2023-05-26,eCommerce,Basic,24,367.78,6,2,3.4,2,1,40.0,0
CLT-1218,2023-08-06,Real Estate,Enterprise,1,2496.53,21,2,0.1,38,2,-9.0,1
CLT-1219,2024-07-05,Logistics,Basic,6,352.6,3,8,4.2,28,3,57.0,1
CLT-1220,2023-09-15,Education,Basic,6,275.15,1,2,6.6,5,0,39.0,0
CLT-1221,2023-08-26,Finance,Basic,12,287.45,10,6,7.3,4,2,48.0,0
CLT-1222,2025-06-15,SaaS,Pro,12,1231.6,30,4,0.8,6,2,38.0,0
CLT-1223,2023-06-05,eCommerce,Enterprise,1,2619.77,29,0,8.5,19,2,42.0,0
CLT-1224,2023-06-20,Healthcare,Basic,24,284.1,10,3,2.1,18,0,63.0,0
CLT-1225,2025-04-16,eCommerce,Enterprise,12,2730.66,9,8,4.6,0,0,18.0,1
CLT-1226,2024-05-10,Education,Basic,24,309.66,1,2,3.3,15,1,42.0,0
CLT-1227,2023-02-08,SaaS,Pro,12,1113.95,15,2,6.3,1,0,11.0,0
CLT-1228,2024-01-18,SaaS,Pro,24,1239.54,15,3,5.3,6,0,44.0,0
CLT-1229,2024-05-23,Finance,Basic,12,346.51,20,2,7.0,3,2,36.0,0
CLT-1230,2023-08-16,Finance,Basic,6,346.41,21,4,10.5,2,4,14.0,0
CLT-1231,2024-05-08,eCommerce,Basic,12,305.67,12,0,6.2,10,1,32.0,1
CLT-1232,2024-08-06,Healthcare,Enterprise,12,2846.95,18,10,3.3,18,2,16.0,1
CLT-1233,2023-08-14,Real Estate,Pro,12,892.44,8,2,6.4,7,0,21.0,0
CLT-1234,2025-01-01,Real Estate,Enterprise,12,2001.64,18,4,10.8,17,3,39.0,1
CLT-1235,2024-02-12,Finance,Pro,1,1187.69,10,5,7.0,9,1,37.0,0
CLT-1236,2025-05-17,Healthcare,Basic,12,317.3,18,3,7.8,11,3,-18.0,1
CLT-1237,2023-03-20,SaaS,Pro,6,985.73,17,5,0.2,4,1,39.0,0
CLT-1238,2023-10-19,Healthcare,Basic,24,255.03,15,8,6.2,31,0,22.0,0
CLT-1239,2024-10-11,Real Estate,Basic,6,390.68,20,0,4.2,30,2,20.0,1
CLT-1240,2025-03-16,Real Estate,Pro,1,811.98,1,5,3.0,9,1,2.0,0
CLT-1241,2023-07-19,Real Estate,Pro,12,941.74,5,2,4.9,8,0,29.0,0
CLT-1242,2025-06-01,Finance,Basic,12,391.25,12,1,5.3,0,1,17.0,1
CLT-1243,2023-06-24,Education,Pro,12,967.2,2,3,3.1,5,5,62.0,1
CLT-1244,2024-01-10,eCommerce,Pro,24,1222.82,11,8,5.6,26,2,-14.0,1
CLT-1245,2023-10-11,Healthcare,Enterprise,6,2313.97,11,2,4.5,23,1,6.0,0
CLT-1246,2024-01-17,Logistics,Pro,12,1106.23,24,3,7.1,6,3,4.0,0
CLT-1247,2025-03-23,Healthcare,Basic,6,416.04,15,1,5.7,1,0,36.0,0
CLT-1248,2024-10-21,Healthcare,Basic,12,338.93,22,3,6.1,30,1,59.0,0
CLT-1249,2024-12-17,eCommerce,Basic,12,364.59,16,1,7.9,3,2,43.0,0
CLT-1250,2023-08-17,eCommerce,Pro,1,932.34,10,4,6.7,2,1,3.0,1
CLT-1251,2025-05-02,Education,Enterprise,12,3127.01,15,0,5.0,40,0,19.0,0
CLT-1252,2024-01-27,Education,Basic,12,403.6,20,4,0.0,8,1,10.0,0
CLT-1253,2024-08-09,Education,Basic,6,366.55,24,1,6.5,20,1,43.0,0
CLT-1254,2024-09-19,Healthcare,Basic,24,408.47,13,5,2.3,20,1,19.0,1
CLT-1255,2024-08-19,SaaS,Pro,12,1037.87,1,5,4.7,28,1,-5.0,0
CLT-1256,2024-06-25,eCommerce,Pro,6,1031.65,1,1,6.1,2,1,45.0,0
CLT-1257,2024-03-08,Healthcare,Basic,12,294.83,11,1,9.0,6,2,62.0,0
CLT-1258,2024-08-05,Real Estate,Basic,6,367.73,1,3,10.5,1,0,26.0,0
CLT-1259,2025-03-25,Finance,Pro,1,1196.25,28,4,2.2,12,4,33.0,0
CLT-1260,2023-12-17,Finance,Basic,12,356.34,19,7,1.1,44,2,-8.0,1
CLT-1261,2024-04-04,SaaS,Pro,1,845.84,9,5,6.0,11,2,-21.0,1
CLT-1262,2023-06-12,Logistics,Basic,1,337.94,5,4,5.7,12,1,-16.0,1
CLT-1263,2023-11-16,Healthcare,Basic,12,376.07,22,4,1.4,18,1,29.0,1
CLT-1264,2024-11-25,eCommerce,Enterprise,1,3409.04,5,2,5.0,9,1,22.0,0
CLT-1265,2024-07-30,Real Estate,Basic,12,268.19,6,7,,7,1,44.0,0
CLT-1266,2023-07-10,SaaS,Basic,12,262.95,8,3,1.3,10,0,25.0,0
CLT-1267,2024-05-06,Healthcare,Basic,1,314.33,15,5,2.0,4,1,55.0,0
CLT-1268,2024-12-31,Real Estate,Basic,12,262.61,19,3,3.1,4,0,52.0,0
CLT-1269,2023-04-22,eCommerce,Basic,1,416.48,24,3,4.4,7,4,22.0,0
CLT-1270,2023-02-25,Logistics,Basic,12,316.37,22,5,7.1,8,1,5.0,1
CLT-1271,2023-12-20,Real Estate,Basic,1,336.05,14,4,4.0,17,2,-18.0,1
CLT-1272,2024-08-13,Education,Basic,24,280.88,22,6,5.2,8,0,66.0,1
CLT-1273,2023-10-09,eCommerce,Pro,6,962.53,9,7,11.7,28,2,6.0,0
CLT-1274,2025-01-08,SaaS,Pro,12,1251.73,1,2,2.1,13,1,-7.0,0
CLT-1275,2025-02-01,Real Estate,Basic,1,327.96,9,3,3.0,21,2,33.0,0
CLT-1276,2024-04-24,eCommerce,Basic,6,241.59,8,2,7.0,3,2,-7.0,0
CLT-1277,2023-12-07,Logistics,Pro,12,850.96,9,3,8.0,11,0,33.0,0
CLT-1278,2023-02-07,SaaS,Enterprise,12,3467.68,6,4,6.2,42,4,22.0,0
CLT-1279,2025-01-09,Logistics,Enterprise,24,3483.6,10,1,10.4,0,1,53.0,0
CLT-1280,2025-03-16,Finance,Basic,1,277.89,19,4,6.0,9,0,51.0,0
CLT-1281,2024-02-03,SaaS,Basic,1,350.75,28,2,0.0,7,5,58.0,1
CLT-1282,2024-04-09,Healthcare,Basic,6,253.84,1,4,5.3,1,1,35.0,0
CLT-1283,2024-11-09,Education,Basic,6,343.94,4,1,3.3,1,4,9.0,0
CLT-1284,2024-09-17,Real Estate,Pro,24,788.0,8,3,9.2,10,1,4.0,0
CLT-1285,2023-05-02,eCommerce,Basic,24,387.36,20,2,7.9,15,1,17.0,0
CLT-1286,2024-08-28,eCommerce,Basic,24,409.12,12,4,0.2,29,2,80.0,1
CLT-1287,2025-04-12,Education,Basic,1,271.14,8,2,9.1,20,1,24.0,0
CLT-1288,2024-11-06,Finance,Pro,12,969.86,20,5,7.8,39,3,34.0,0
CLT-1289,2024-03-08,Healthcare,Basic,12,258.37,22,2,4.0,0,1,68.0,0
CLT-1290,2024-04-15,Real Estate,Pro,6,903.14,14,9,4.8,42,0,36.0,0
CLT-1291,2023-08-22,Education,Basic,12,251.72,7,3,9.2,12,0,11.0,1
CLT-1292,2024-08-17,eCommerce,Enterprise,6,2396.82,16,3,0.0,11,1,48.0,1
CLT-1293,2023-08-06,eCommerce,Basic,6,418.24,12,2,6.3,5,1,19.0,0
CLT-1294,2023-11-04,Education,Pro,24,744.09,12,1,8.3,14,0,37.0,0
CLT-1295,2023-08-27,eCommerce,Enterprise,6,3288.45,10,5,4.7,36,1,43.0,1
CLT-1296,2023-10-29,Education,Enterprise,24,2116.18,21,2,6.9,13,0,18.0,0
CLT-1297,2023-11-27,Real Estate,Pro,6,1005.66,16,3,5.3,4,0,35.0,0
CLT-1298,2023-03-16,Finance,Pro,1,964.14,22,4,2.6,13,1,70.0,0
CLT-1299,2024-10-07,SaaS,Pro,6,1223.04,25,3,2.6,9,2,14.0,0
CLT-1300,2024-02-01,Finance,Pro,6,827.49,18,4,7.1,5,0,63.0,0
CLT-1301,2025-05-04,eCommerce,Basic,12,272.34,10,7,3.1,10,1,15.0,1
CLT-1302,2023-06-12,SaaS,Pro,1,1124.31,22,3,0.4,7,0,75.0,0
CLT-1303,2024-08-25,Education,Pro,12,1111.89,18,2,5.4,4,0,9.0,0
CLT-1304,2023-06-11,Real Estate,Enterprise,24,3048.77,35,1,3.5,1,2,20.0,0
CLT-1305,2024-05-07,Education,Basic,6,244.7,16,0,1.4,2,0,68.0,0
CLT-1306,2024-03-17,SaaS,Basic,6,286.79,20,1,5.2,24,1,69.0,1
CLT-1307,2024-02-08,SaaS,Pro,12,1173.54,16,4,7.3,7,2,50.0,0
CLT-1308,2024-08-12,Real Estate,Basic,12,348.15,13,3,5.1,4,1,3.0,0
CLT-1309,2025-01-15,Finance,Basic,12,348.4,12,1,1.8,9,2,32.0,0
CLT-1310,2023-10-13,Healthcare,Basic,1,293.26,16,3,6.4,14,1,30.0,0
CLT-1311,2025-02-03,Education,Basic,12,286.83,18,2,8.1,12,1,9.0,0
CLT-1312,2023-06-16,Finance,Basic,12,410.38,23,4,11.6,4,1,47.0,0
CLT-1313,2023-09-21,Finance,Basic,6,371.0,16,2,9.3,59,1,11.0,1
CLT-1314,2023-10-07,Real Estate,pro,1,262.84,10,8,2.0,4,3,-2.0,1
CLT-1315,2025-05-08,Logistics,Basic,24,408.79,11,2,7.6,4,0,-11.0,1
CLT-1316,2023-04-17,Real Estate,Basic,6,344.83,3,2,5.8,6,4,73.0,0
CLT-1317,2023-12-22,Logistics,Pro,6,900.02,27,5,1.5,28,3,17.0,1
CLT-1318,2024-01-17,Real Estate,Basic,1,311.49,10,1,5.9,10,1,18.0,0
CLT-1319,2024-12-21,Real Estate,Enterprise,12,3088.11,22,3,10.8,3,0,4.0,0
CLT-1320,2024-03-13,Real Estate,Enterprise,12,2564.41,16,1,8.6,6,1,64.0,0
CLT-1321,2025-05-20,Logistics,Basic,6,344.17,16,4,2.0,3,0,-5.0,0
CLT-1322,2024-10-28,Education,Basic,12,367.89,13,2,5.0,7,4,0.0,1
CLT-1323,2024-09-25,Finance,Pro,12,825.5,8,2,6.5,6,3,22.0,1
CLT-1324,2024-11-08,Logistics,Pro,6,1229.89,6,6,0.0,1,3,29.0,1
CLT-1325,2023-05-26,SaaS,Pro,24,912.33,28,2,0.0,4,2,46.0,1
CLT-1326,2024-02-09,Logistics,Pro,6,946.46,15,2,5.5,14,0,13.0,0
CLT-1327,2024-06-11,Healthcare,Pro,6,1097.2,23,4,5.5,23,0,69.0,1
CLT-1328,2023-07-07,SaaS,Pro,24,1048.74,25,4,0.0,5,1,13.0,1
CLT-1329,2023-04-17,SaaS,Basic,12,319.22,11,1,6.2,7,1,5.0,0
CLT-1330,2023-05-03,Logistics,Pro,6,1070.86,17,1,8.3,21,0,2.0,0
CLT-1331,2024-12-11,Finance,Basic,12,402.51,14,5,4.3,15,3,11.0,1
CLT-1332,2024-08-14,Real Estate,Pro,12,1152.15,5,3,5.2,32,0,1.0,0
CLT-1333,2023-09-11,Real Estate,Enterprise,6,3236.39,13,3,6.7,7,0,49.0,0
CLT-1334,2024-10-25,SaaS,Basic,12,286.51,19,2,6.3,2,0,5.0,0
CLT-1335,2024-09-17,Logistics,Pro,12,946.48,10,6,0.0,2,0,27.0,0
CLT-1336,2025-01-04,SaaS,Basic,6,339.69,11,3,2.3,6,1,4.0,1
CLT-1337,2025-03-30,Education,Pro,12,743.86,13,3,3.8,19,2,1.0,1
CLT-1338,2025-03-05,Education,Basic,6,378.56,31,5,2.4,20,2,58.0,1
CLT-1339,2023-06-12,Finance,Enterprise,1,2485.2,1,3,,4,2,70.0,0
CLT-1340,2024-11-23,eCommerce,Basic,24,290.87,18,0,6.9,3,2,62.0,0
CLT-1341,2023-12-20,eCommerce,Enterprise,12,2388.94,12,1,1.7,23,4,-7.0,1
CLT-1342,2023-12-29,Healthcare,Pro,12,873.02,9,4,4.4,14,1,-3.0,0
CLT-1343,2024-08-05,Education,Pro,12,902.53,12,5,8.4,1,0,79.0,0
CLT-1344,2024-06-25,eCommerce,Pro,12,1046.61,19,3,3.1,7,1,24.0,0
CLT-1345,2024-01-13,Finance,Pro,6,1035.13,20,3,7.6,11,3,-4.0,0
CLT-1346,2025-06-18,eCommerce,Enterprise,24,2383.57,15,4,9.1,24,1,57.0,0
CLT-1347,2023-06-07,SaaS,Basic,12,277.16,23,2,8.6,2,1,32.0,0
CLT-1348,2023-03-29,eCommerce,Pro,12,1166.23,24,6,5.5,24,2,44.0,0
CLT-1349,2023-01-27,Education,Basic,12,256.69,21,8,8.8,2,1,-26.0,1
CLT-1350,2025-01-02,Logistics,Pro,6,996.92,10,0,3.4,4,2,22.0,0
CLT-1351,2024-01-01,Healthcare,Basic,1,333.7,18,2,12.5,18,0,,0
CLT-1352,2024-01-29,Logistics,Pro,6,1030.03,18,2,5.7,44,1,14.0,0
CLT-1353,2024-08-07,Logistics,Pro,6,1198.25,7,5,8.4,1,1,61.0,0
CLT-1354,2024-01-27,Real Estate,Basic,12,352.3,1,1,3.9,36,2,-3.0,0
CLT-1355,2024-05-31,Real Estate,Pro,24,1245.76,1,4,6.5,4,2,27.0,1
CLT-1356,2023-02-22,SaaS,Pro,6,1190.53,15,7,6.6,12,1,71.0,0
CLT-1357,2023-05-21,eCommerce,Pro,6,835.96,16,2,2.2,6,3,1.0,0
CLT-1358,2025-04-18,Real Estate,Basic,12,283.41,5,1,2.1,11,2,,0
CLT-1359,2024-02-10,SaaS,Pro,1,906.18,22,1,4.4,13,1,45.0,0
CLT-1360,2023-05-31,Real Estate,Enterprise,24,2587.27,15,4,8.3,17,0,32.0,0
CLT-1361,2023-11-29,SaaS,Basic,6,339.54,25,2,0.0,0,2,24.0,0
CLT-1362,2023-10-29,Education,Basic,1,281.85,17,7,3.9,12,0,8.0,0
CLT-1363,2023-09-04,SaaS,Basic,6,280.02,5,4,8.9,5,1,35.0,0
CLT-1364,2023-09-22,SaaS,Pro,24,925.95,18,2,1.3,8,2,27.0,0
CLT-1365,2024-10-18,Logistics,Basic,6,360.96,19,1,8.8,34,1,-6.0,0
CLT-1366,2023-04-07,eCommerce,Pro,12,1091.59,10,1,1.6,17,1,57.0,1
CLT-1367,2023-10-06,Healthcare,Pro,6,1247.1,2,5,2.3,7,0,7.0,0
CLT-1368,2024-02-26,Healthcare,Basic,6,276.43,15,6,4.6,11,0,-5.0,0
CLT-1369,2024-05-01,eCommerce,Enterprise,24,2589.29,6,3,10.6,22,1,15.0,1
CLT-1370,2025-03-03,Education,Pro,1,1240.93,23,5,3.1,28,2,8.0,0
CLT-1371,2025-04-10,Logistics,Basic,1,364.2,11,7,0.0,5,1,24.0,0
CLT-1372,2023-09-25,eCommerce,Basic,12,346.61,28,2,0.8,1,1,-1.0,1
CLT-1373,2024-04-30,Logistics,Basic,24,337.14,1,1,7.8,14,1,41.0,0
CLT-1374,2023-01-21,Logistics,Basic,6,253.59,15,3,0.9,6,4,65.0,1
CLT-1375,2024-07-09,Real Estate,Basic,1,400.81,25,5,8.6,2,1,33.0,0
CLT-1376,2023-05-18,Logistics,Enterprise,24,2938.26,7,4,5.2,12,0,-6.0,0
CLT-1377,2023-03-07,Finance,Basic,12,342.9,13,0,,2,2,7.0,1
CLT-1378,2024-08-27,Real Estate,Basic,24,337.11,11,5,5.9,2,3,36.0,1
CLT-1379,2023-06-10,Healthcare,Pro,12,931.63,9,6,2.6,19,1,-19.0,1
CLT-1380,2024-03-05,Real Estate,Pro,12,857.52,16,6,5.4,10,0,-1.0,0
CLT-1381,2023-04-01,Education,Enterprise,6,3132.98,4,2,1.4,8,2,-11.0,0
CLT-1382,2024-11-02,Logistics,Pro,6,995.17,13,2,9.0,3,0,33.0,1
CLT-1383,2024-11-19,SaaS,Basic,12,246.11,18,3,1.9,14,0,84.0,0
CLT-1384,2024-06-01,Real Estate,Basic,12,311.84,12,2,6.3,9,1,-2.0,0
CLT-1385,2025-01-22,Education,Enterprise,24,3392.91,6,1,1.9,9,2,50.0,0
CLT-1386,2024-01-29,eCommerce,Pro,12,921.9,22,2,3.4,3,2,,0
CLT-1387,2023-06-17,Finance,Enterprise,6,2619.85,20,2,3.9,41,3,-3.0,0
CLT-1388,2023-05-17,Education,Basic,12,352.31,6,2,13.9,14,1,69.0,0
CLT-1389,2023-07-17,Education,Enterprise,12,3202.51,4,3,5.0,3,2,84.0,0
CLT-1390,2023-06-30,SaaS,Pro,12,1080.97,6,6,2.5,7,1,40.0,0
CLT-1391,2023-10-18,Logistics,Basic,12,393.01,18,4,3.7,26,1,39.0,1
CLT-1392,2023-07-12,Real Estate,Pro,12,781.54,16,4,0.5,28,2,32.0,1
CLT-1393,2024-06-15,Logistics,Pro,1,1219.28,20,6,4.5,8,1,26.0,0
CLT-1394,2023-05-14,Education,Basic,12,402.71,11,1,10.6,43,1,39.0,0
CLT-1395,2024-07-13,Healthcare,Basic,12,333.45,7,3,6.0,11,1,47.0,0
CLT-1396,2023-10-28,Real Estate,Pro,24,1057.36,21,3,7.7,6,2,72.0,0
CLT-1397,2024-09-10,Logistics,Basic,12,278.31,10,1,2.3,3,0,17.0,1
CLT-1398,2024-04-06,Education,Basic,12,320.63,15,2,4.4,8,3,33.0,0
CLT-1399,2025-03-25,Education,Basic,12,276.49,2,3,5.6,35,1,28.0,0
CLT-1400,2024-01-31,Healthcare,Basic,12,243.96,9,3,2.8,28,1,56.0,1
CLT-1401,2023-09-23,Finance,Enterprise,1,3471.35,22,3,6.2,28,0,90.0,0
CLT-1402,2024-06-14,SaaS,Pro,24,859.94,8,1,6.8,3,0,56.0,0
CLT-1403,2024-08-15,Real Estate,Basic,24,346.76,21,5,6.6,14,0,50.0,0
CLT-1404,2024-01-31,Logistics,Enterprise,12,2450.38,1,7,4.5,25,0,53.0,0
CLT-1405,2024-05-18,SaaS,Enterprise,12,2555.93,10,4,8.3,29,1,62.0,0
CLT-1406,2024-02-28,Real Estate,Basic,1,311.6,13,6,4.2,9,3,90.0,0
CLT-1407,2023-10-03,Logistics,Pro,12,900.93,28,3,4.0,13,1,-12.0,1
CLT-1408,2023-10-10,Logistics,Basic,12,354.73,5,1,9.3,0,2,45.0,0
CLT-1409,2025-03-27,SaaS,Enterprise,12,3441.4,19,2,1.7,23,2,-35.0,0
CLT-1410,2024-08-30,eCommerce,Pro,1,951.46,22,2,0.0,18,0,54.0,0
CLT-1411,2023-03-27,eCommerce,Pro,12,1245.6,8,4,2.4,22,4,44.0,1
CLT-1412,2025-05-15,Logistics,Basic,6,360.2,11,3,6.2,1,0,16.0,0
CLT-1413,2024-10-02,Healthcare,Enterprise,12,2910.7,15,4,8.9,43,3,-37.0,1
CLT-1414,2023-02-15,Logistics,Basic,12,282.68,2,7,3.0,4,1,30.0,0
CLT-1415,2024-10-17,Education,Basic,6,251.33,10,4,10.4,7,1,36.0,0
CLT-1416,2024-06-14,Education,Basic,12,393.35,24,2,5.1,11,0,28.0,0
CLT-1417,2025-04-03,eCommerce,Pro,12,1029.95,18,2,4.7,14,0,14.0,1
CLT-1418,2024-03-16,Finance,Basic,12,314.59,13,3,2.5,12,2,8.0,1
CLT-1419,2024-04-11,eCommerce,Enterprise,1,3217.95,15,1,10.9,5,1,29.0,0
CLT-1420,2023-10-11,SaaS,Pro,12,887.71,19,3,4.5,24,5,10.0,0
CLT-1421,2023-10-17,SaaS,Basic,6,381.05,20,1,1.0,3,1,50.0,0
CLT-1422,2024-07-10,eCommerce,Basic,12,299.03,10,4,12.4,2,3,28.0,0
CLT-1423,2025-01-14,Finance,Basic,12,405.76,26,6,6.2,9,1,-13.0,1
CLT-1424,2025-03-12,eCommerce,Pro,1,864.7,25,5,7.4,2,1,34.0,1
CLT-1425,2024-11-24,Logistics,Pro,12,794.28,19,4,10.0,41,0,40.0,0
CLT-1426,2024-07-02,Healthcare,Basic,12,365.66,7,0,6.8,15,1,70.0,0
CLT-1427,2024-03-26,SaaS,Pro,12,807.94,6,1,7.9,4,0,53.0,0
CLT-1428,2023-11-02,Real Estate,Basic,1,410.89,11,2,5.2,5,1,8.0,0
CLT-1429,2024-11-22,SaaS,Pro,6,1074.0,14,1,7.2,22,1,66.0,0
CLT-1430,2023-10-14,Real Estate,Enterprise,12,2346.29,1,2,4.9,5,0,-5.0,0
CLT-1431,2023-08-30,Real Estate,Pro,6,832.76,18,5,4.9,9,1,31.0,0
CLT-1432,2025-02-20,Real Estate,Pro,12,1218.89,24,2,5.4,25,1,49.0,1
CLT-1433,2024-06-14,eCommerce,Pro,1,1048.24,19,3,3.8,9,1,,0
CLT-1434,2023-11-15,Education,Basic,1,400.87,9,1,6.5,9,0,77.0,0
CLT-1435,2025-02-17,Logistics,Basic,12,259.84,8,2,6.5,4,3,62.0,0
CLT-1436,2025-05-16,eCommerce,Basic,6,406.57,16,5,7.5,11,1,27.0,0
CLT-1437,2023-10-14,Real Estate,Pro,12,1000.83,13,4,6.9,11,3,44.0,0
CLT-1438,2024-04-14,SaaS,Pro,1,1080.95,18,1,11.0,47,0,36.0,1
CLT-1439,2024-03-11,Finance,Pro,12,921.35,19,2,8.2,18,2,12.0,0
CLT-1440,2024-09-23,Education,Enterprise,6,2088.71,23,7,4.4,15,2,27.0,0
CLT-1441,2025-05-05,Healthcare,Basic,12,412.44,5,4,6.4,1,1,,0
CLT-1442,2024-05-08,Logistics,Pro,12,1257.08,16,1,9.2,15,0,46.0,0
CLT-1443,2024-12-19,Logistics,Basic,6,305.62,11,3,2.2,3,0,81.0,0
CLT-1444,2024-06-20,Logistics,Basic,12,409.9,13,4,11.0,12,1,3.0,0
CLT-1445,2025-03-09,SaaS,Pro,6,810.57,21,3,2.7,1,3,20.0,1
CLT-1446,2023-12-31,Finance,Enterprise,12,2232.03,22,2,7.7,2,0,40.0,0
CLT-1447,2023-12-13,Finance,Pro,1,759.48,25,2,5.0,26,2,49.0,0
CLT-1448,2024-01-16,Finance,Basic,12,310.43,17,5,4.8,8,0,27.0,0
CLT-1449,2025-06-15,Finance,Pro,6,748.24,13,2,1.1,9,3,50.0,0
CLT-1450,2024-07-04,Finance,Basic,24,311.04,12,3,7.7,24,1,50.0,0
CLT-1451,2023-05-18,Education,Enterprise,12,2207.59,1,2,1.1,21,1,-5.0,0
CLT-1452,2023-02-06,SaaS,Pro,12,1114.49,25,1,0.7,13,0,49.0,0
CLT-1453,2024-04-11,Real Estate,Basic,6,390.01,11,1,8.5,6,1,57.0,0
CLT-1454,2024-12-26,eCommerce,Basic,6,363.81,18,5,10.4,12,1,37.0,0
CLT-1455,2024-03-07,eCommerce,Basic,6,276.09,19,2,3.0,19,2,-16.0,0
CLT-1456,2024-05-19,Education,Enterprise,24,3150.27,4,5,8.0,34,1,23.0,0
CLT-1457,2024-12-19,Education,Basic,12,284.91,7,3,7.4,16,1,41.0,0
CLT-1458,2024-04-09,Real Estate,Pro,1,1130.12,26,3,4.7,1,1,8.0,0
CLT-1459,2025-03-28,Education,Pro,12,1026.39,16,1,9.0,29,0,53.0,0
CLT-1460,2024-07-28,SaaS,Pro,12,918.02,9,8,4.5,0,0,48.0,0
CLT-1461,2024-10-20,eCommerce,Basic,1,255.03,13,2,6.6,21,1,33.0,0
CLT-1462,2024-12-04,Finance,Enterprise,12,3241.26,23,5,1.2,10,0,30.0,0
CLT-1463,2024-07-18,Real Estate,Basic,1,409.14,21,7,,16,1,35.0,0
CLT-1464,2023-02-15,Real Estate,Pro,6,1079.6,2,3,8.5,2,0,30.0,0
CLT-1465,2024-01-20,Real Estate,Pro,12,1240.85,27,4,6.7,9,2,-2.0,0
CLT-1466,2023-05-08,eCommerce,Pro,6,1224.42,22,3,4.6,8,0,19.0,0
CLT-1467,2024-04-04,Education,Enterprise,24,2291.91,13,3,10.7,7,2,32.0,0
CLT-1468,2023-05-09,Education,Basic,12,371.62,4,4,10.7,7,2,65.0,0
CLT-1469,2024-04-03,Logistics,Pro,12,908.62,22,5,6.3,19,2,47.0,0
CLT-1470,2023-11-06,Healthcare,Basic,12,327.75,18,1,0.6,16,3,67.0,1
CLT-1471,2023-01-19,Logistics,Basic,24,268.25,2,7,4.7,4,1,-5.0,0
CLT-1472,2023-04-23,Finance,Basic,6,415.46,12,5,2.5,6,1,21.0,0
CLT-1473,2024-03-28,Logistics,Basic,12,370.7,39,2,5.3,10,0,82.0,1
CLT-1474,2023-03-12,Real Estate,Basic,12,288.04,14,1,2.2,6,1,11.0,1
CLT-1475,2025-02-09,eCommerce,Basic,24,306.86,8,4,1.4,56,1,11.0,0
CLT-1476,2024-11-13,Real Estate,Basic,6,316.05,6,3,0.0,4,2,23.0,1
CLT-1477,2024-09-30,Healthcare,Pro,12,1123.67,28,6,5.5,6,1,80.0,0
CLT-1478,2023-06-04,Logistics,Pro,12,1219.88,21,5,0.0,21,2,13.0,0
CLT-1479,2024-12-17,SaaS,Basic,6,297.86,25,3,4.0,52,0,44.0,0
CLT-1480,2024-07-25,eCommerce,Basic,24,325.05,16,4,7.1,7,1,40.0,1
CLT-1481,2023-12-18,Education,Basic,6,346.78,24,1,2.8,8,1,-18.0,0
CLT-1482,2023-01-01,Healthcare,Pro,6,932.41,7,4,1.7,23,0,30.0,0
CLT-1483,2024-04-21,Real Estate,Basic,12,330.75,15,3,4.8,0,1,16.0,0
CLT-1484,2024-12-17,Real Estate,Basic,12,259.03,16,3,2.5,2,3,47.0,0
CLT-1485,2023-01-31,Real Estate,Basic,1,270.18,25,2,5.6,22,4,73.0,1
CLT-1486,2023-02-17,Education,Basic,1,312.2,17,3,1.9,3,0,21.0,0
CLT-1487,2023-12-11,eCommerce,Basic,6,404.69,9,5,4.7,9,1,21.0,1
CLT-1488,2024-04-05,Education,Pro,12,908.65,15,4,4.0,48,1,93.0,1
CLT-1489,2024-03-02,eCommerce,Pro,24,854.89,1,1,5.0,3,3,12.0,0
CLT-1490,2024-01-19,Healthcare,Pro,12,1121.15,1,3,9.9,4,0,-4.0,0
CLT-1491,2023-08-18,Logistics,Pro,1,1232.53,21,3,5.6,42,0,64.0,0
CLT-1492,2023-02-23,Finance,Pro,12,967.93,11,2,6.5,29,1,29.0,0
CLT-1493,2023-01-29,eCommerce,Basic,24,241.55,12,1,3.1,7,1,37.0,1
CLT-1494,2023-03-30,Logistics,Pro,12,1091.6,21,3,5.7,7,3,86.0,0
CLT-1495,2024-09-13,SaaS,Pro,6,944.13,25,3,4.2,2,2,-5.0,1
CLT-1496,2024-12-08,SaaS,Basic,1,361.26,18,3,5.1,18,2,25.0,0
CLT-1497,2024-01-27,Education,Pro,24,869.97,29,2,6.9,1,1,-1.0,0
CLT-1498,2023-03-11,Education,Basic,24,240.43,18,4,3.5,37,2,38.0,0
CLT-1499,2024-01-10,Healthcare,Pro,1,906.03,16,3,3.8,6,1,16.0,0
CLT-1500,2025-06-06,Logistics,Pro,12,1100.59,16,1,3.5,1,1,1.0,0
CLT-1501,2023-08-13,Healthcare,Enterprise,1,2589.67,4,2,3.5,15,0,48.0,1
CLT-1502,2024-03-18,eCommerce,Enterprise,1,2328.76,22,4,5.5,20,1,30.0,0
CLT-1503,2024-04-29,Real Estate,Pro,12,970.56,1,5,3.9,7,0,-1.0,1
CLT-1504,2023-10-24,Healthcare,Pro,12,1126.27,9,2,9.5,13,0,0.0,0
CLT-1505,2024-01-30,Education,Pro,12,784.49,14,1,13.0,10,0,35.0,0
CLT-1506,2024-02-29,Healthcare,Basic,24,364.52,8,3,3.3,24,2,-12.0,0
CLT-1507,2024-03-02,Healthcare,Pro,12,1080.37,10,2,5.9,8,2,36.0,0
CLT-1508,2024-10-07,Real Estate,Basic,1,306.73,29,5,8.1,36,0,63.0,0
CLT-1509,2024-06-06,Education,Basic,12,414.66,23,2,4.2,19,0,47.0,0
CLT-1510,2023-02-18,eCommerce,Basic,12,401.05,9,3,2.0,11,2,14.0,0
CLT-1511,2023-01-06,Finance,Pro,12,890.73,10,4,10.2,4,0,37.0,0
CLT-1512,2024-01-05,Real Estate,Basic,24,245.6,4,2,7.1,3,0,-1.0,0
CLT-1513,2025-03-27,Logistics,Basic,12,295.49,20,1,6.0,23,1,33.0,1
CLT-1514,2023-02-03,Finance,Basic,1,276.85,12,3,9.4,3,2,22.0,0
CLT-1515,2023-03-05,Real Estate,Basic,6,338.51,1,2,7.3,8,0,4.0,0
CLT-1516,2024-09-03,eCommerce,Basic,12,405.37,15,2,,4,1,46.0,0
CLT-1517,2024-02-10,Education,Pro,24,1189.98,18,4,2.1,7,2,-19.0,0
CLT-1518,2023-07-27,SaaS,Basic,1,295.05,22,4,3.5,0,0,0.0,0
CLT-1519,2023-07-06,Real Estate,Pro,1,951.44,13,4,8.6,3,3,3.0,1
CLT-1520,2024-08-21,Finance,Enterprise,12,2054.81,11,1,7.0,13,2,17.0,0
CLT-1521,2024-04-16,Healthcare,Basic,1,337.95,30,3,4.4,16,0,62.0,1
CLT-1522,2024-07-28,Logistics,Basic,1,251.41,14,3,10.3,27,5,49.0,1
CLT-1523,2023-09-10,Real Estate,Pro,24,1226.85,20,3,4.5,3,1,33.0,0
CLT-1524,2024-04-18,eCommerce,Basic,12,396.05,10,3,8.0,1,0,31.0,0
CLT-1525,2025-02-13,Healthcare,Basic,24,278.55,20,5,5.7,2,0,30.0,0
CLT-1526,2023-10-12,Real Estate,Enterprise,12,3049.05,2,5,10.8,8,0,64.0,0
CLT-1527,2023-12-23,SaaS,Enterprise,6,2852.03,10,2,7.3,2,0,-15.0,0
CLT-1528,2023-05-28,Healthcare,Pro,24,1152.73,4,3,5.1,8,6,49.0,1
CLT-1529,2024-07-28,Healthcare,Basic,6,325.62,9,1,4.5,20,0,17.0,1
CLT-1530,2023-01-30,Education,Pro,6,823.56,24,2,5.0,23,2,43.0,0
CLT-1531,2023-08-12,SaaS,Pro,24,1065.52,9,2,2.8,13,1,43.0,0
CLT-1532,2024-10-03,Education,Basic,12,254.45,20,2,0.9,9,0,48.0,0
CLT-1533,2023-01-18,Healthcare,Pro,24,1035.68,26,0,5.9,8,2,70.0,0
CLT-1534,2025-06-09,Logistics,Basic,6,278.29,14,1,3.4,10,1,-4.0,0
CLT-1535,2023-12-30,Real Estate,Basic,24,363.29,22,0,3.4,8,2,55.0,0
CLT-1536,2023-12-25,Healthcare,Pro,12,1167.14,18,1,4.7,0,5,28.0,0
CLT-1537,2024-04-27,Finance,Basic,12,259.71,15,2,5.2,7,2,18.0,0
CLT-1538,2024-07-29,eCommerce,Basic,24,312.05,20,7,5.0,4,0,81.0,0
CLT-1539,2024-02-18,SaaS,Pro,6,1116.1,29,3,10.2,0,0,48.0,0
CLT-1540,2025-03-06,Education,Enterprise,12,2245.55,9,3,7.0,3,0,20.0,0
CLT-1541,2025-05-15,Logistics,Pro,12,1025.92,6,2,11.3,11,1,54.0,0
CLT-1542,2023-06-30,Finance,Pro,12,1082.79,6,3,3.7,0,1,29.0,0
CLT-1543,2024-09-28,Real Estate,Enterprise,24,2532.19,22,1,7.4,1,0,19.0,0
CLT-1544,2023-09-28,SaaS,Basic,12,389.76,23,2,3.8,4,2,15.0,0
CLT-1545,2025-06-15,SaaS,Basic,1,331.92,10,2,3.3,10,1,38.0,1
CLT-1546,2023-08-16,Real Estate,Basic,6,352.86,1,4,11.4,10,1,15.0,1
CLT-1547,2023-09-23,eCommerce,Basic,24,265.36,9,5,2.7,9,1,34.0,0
CLT-1548,2024-10-04,Finance,Pro,24,732.51,18,1,0.0,12,0,52.0,0
CLT-1549,2024-12-11,SaaS,Basic,24,249.13,13,1,2.9,0,2,33.0,0
CLT-1550,2023-04-26,Finance,Basic,1,402.71,15,3,0.0,1,2,79.0,0
CLT-1551,2024-05-15,eCommerce,Basic,6,398.88,10,3,2.1,28,1,30.0,1
CLT-1552,2023-11-08,SaaS,Basic,12,385.37,22,4,2.4,4,2,64.0,0
CLT-1553,2024-07-04,eCommerce,Enterprise,12,2299.42,17,2,5.1,16,0,54.0,1
CLT-1554,2024-05-16,eCommerce,Basic,1,334.58,19,4,0.0,1,0,68.0,0
CLT-1555,2025-06-06,Healthcare,Basic,12,383.3,15,3,8.6,6,1,79.0,1
CLT-1556,2025-04-20,Healthcare,Basic,1,361.44,18,4,0.0,7,1,-14.0,1
CLT-1557,2024-08-11,Real Estate,Basic,12,260.79,18,4,4.6,12,1,37.0,1
CLT-1558,2024-09-03,Real Estate,Pro,6,1203.59,7,1,4.0,24,1,27.0,0
CLT-1559,2025-03-19,SaaS,Basic,1,268.92,17,4,7.5,6,2,33.0,0
CLT-1560,2023-06-15,SaaS,Basic,1,270.92,20,6,6.1,2,2,20.0,0
CLT-1561,2024-10-15,eCommerce,Basic,24,402.18,23,2,8.6,8,3,16.0,0
CLT-1562,2024-11-25,eCommerce,Pro,12,981.69,17,5,3.9,1,0,3.0,0
CLT-1563,2023-04-25,SaaS,Pro,24,921.36,6,3,3.6,19,3,32.0,0
CLT-1564,2025-03-04,Healthcare,Pro,12,1018.97,8,3,6.2,7,1,53.0,0
CLT-1565,2024-09-21,Real Estate,Pro,12,1249.95,11,1,8.1,1,1,18.0,0
CLT-1566,2023-11-09,Healthcare,Pro,6,784.6,16,2,7.5,3,2,22.0,0
CLT-1567,2024-03-11,Healthcare,Basic,12,376.25,13,3,6.0,13,1,13.0,0
CLT-1568,2024-03-16,Real Estate,Basic,6,300.18,5,5,5.7,11,2,5.0,0
CLT-1569,2025-04-06,Real Estate,Pro,12,783.21,5,2,4.9,2,1,24.0,1
CLT-1570,2025-05-22,Healthcare,Basic,12,315.95,1,3,6.2,1,0,39.0,0
CLT-1571,2024-12-27,eCommerce,Pro,24,1016.33,1,2,11.1,20,1,61.0,0
CLT-1572,2024-08-09,Healthcare,Basic,6,277.07,13,4,4.3,0,4,0.0,0
CLT-1573,2023-04-04,SaaS,Pro,12,938.85,33,3,3.9,5,1,29.0,0
CLT-1574,2025-04-03,Real Estate,Enterprise,6,2953.51,28,3,3.7,5,1,59.0,0
CLT-1575,2023-05-01,Finance,Pro,1,1031.28,6,4,6.2,5,2,1.0,1
CLT-1576,2023-05-31,Healthcare,Enterprise,12,3084.74,15,6,0.0,4,2,62.0,0
CLT-1577,2023-03-04,SaaS,Pro,12,1171.66,2,4,4.6,11,3,19.0,0
CLT-1578,2025-05-02,Logistics,Enterprise,12,2613.71,4,5,7.6,22,0,48.0,0
CLT-1579,2024-03-19,SaaS,Basic,1,316.13,4,3,3.4,11,0,25.0,0
CLT-1580,2023-08-01,eCommerce,Basic,24,329.4,12,3,5.6,7,2,41.0,0
CLT-1581,2023-03-14,eCommerce,Pro,24,1025.83,13,4,11.3,16,0,70.0,0
CLT-1582,2024-01-06,Finance,Basic,12,259.5,16,3,6.0,4,1,27.0,0
CLT-1583,2024-10-13,Finance,Basic,24,296.27,19,1,0.0,5,1,55.0,0
CLT-1584,2025-06-14,Real Estate,Enterprise,6,2257.84,11,1,0.8,8,2,37.0,0
CLT-1585,2024-05-12,Logistics,Pro,12,928.36,14,1,4.2,24,1,10.0,0
CLT-1586,2024-06-30,Logistics,Basic,24,415.2,5,4,2.6,1,2,26.0,0
CLT-1587,2025-01-22,Logistics,Basic,12,344.89,3,3,5.3,2,2,25.0,0
CLT-1588,2025-03-22,Real Estate,Basic,12,317.29,2,1,4.1,8,2,-5.0,1
CLT-1589,2023-09-09,Finance,Basic,12,341.87,19,2,8.5,1,1,41.0,0
CLT-1590,2025-06-11,Education,Enterprise,12,3003.61,11,2,1.7,11,1,46.0,0
CLT-1591,2024-04-12,SaaS,Basic,12,318.29,1,4,4.4,1,2,50.0,0
CLT-1592,2025-04-17,Healthcare,Basic,1,320.59,13,5,5.7,5,1,66.0,0
CLT-1593,2023-04-16,Finance,Pro,1,1098.76,4,2,6.0,16,1,54.0,0
CLT-1594,2023-03-29,Healthcare,Basic,12,250.96,27,6,5.4,11,1,15.0,0
CLT-1595,2025-03-07,eCommerce,Basic,12,337.21,9,1,0.0,13,1,20.0,1
CLT-1596,2024-08-28,Finance,Pro,12,1015.56,19,3,5.2,19,1,51.0,0
CLT-1597,2023-06-07,Logistics,Pro,24,1128.65,23,1,4.5,17,2,40.0,0
CLT-1598,2025-03-16,Real Estate,Enterprise,12,3473.97,6,4,7.6,21,0,30.0,0
CLT-1599,2023-04-03,Healthcare,Pro,6,1149.71,15,2,7.2,13,0,8.0,1
CLT-1600,2024-09-06,SaaS,Basic,12,330.68,18,5,5.7,2,0,17.0,0
CLT-1601,2023-07-04,Healthcare,Pro,12,811.5,15,5,5.9,3,1,45.0,0
CLT-1602,2023-03-05,Real Estate,Enterprise,12,2882.39,17,1,9.1,15,0,-19.0,0
CLT-1603,2024-12-26,Finance,Pro,12,1170.52,3,4,8.5,28,0,-28.0,0
CLT-1604,2025-02-01,Healthcare,Enterprise,12,3398.62,18,4,5.8,6,2,47.0,1
CLT-1605,2023-04-06,eCommerce,Pro,12,1165.67,10,6,11.4,10,1,17.0,0
CLT-1606,2023-03-25,Healthcare,Enterprise,12,2283.45,17,3,3.1,22,1,42.0,0
CLT-1607,2024-07-06,Finance,Basic,12,368.26,21,3,1.4,15,1,69.0,1
CLT-1608,2023-01-26,Real Estate,Pro,1,1195.28,19,6,5.0,18,3,5.0,0
CLT-1609,2024-11-02,Healthcare,Basic,12,362.58,17,3,3.9,2,1,-12.0,0
CLT-1610,2025-04-04,Logistics,Pro,12,1090.31,19,3,0.0,1,2,23.0,1
CLT-1611,2024-11-06,Logistics,Pro,1,990.09,20,2,3.0,29,0,13.0,1
CLT-1612,2023-07-27,Healthcare,Enterprise,12,2955.46,26,2,6.0,4,1,29.0,0
CLT-1613,2023-06-21,Finance,Enterprise,12,2441.57,14,3,4.8,3,2,43.0,0
CLT-1614,2024-09-04,Logistics,Basic,12,255.99,15,3,2.7,1,1,38.0,0
CLT-1615,2023-02-25,SaaS,Pro,12,1166.97,21,3,5.1,1,2,31.0,0
CLT-1616,2024-04-28,Healthcare,Pro,6,1229.3,10,0,5.4,11,2,56.0,0
CLT-1617,2024-02-08,Finance,Basic,6,394.23,3,3,7.1,41,0,47.0,0
CLT-1618,2024-11-01,Healthcare,Basic,6,300.1,18,2,3.1,5,0,25.0,0
CLT-1619,2023-07-02,Real Estate,Basic,12,256.84,12,3,7.6,23,0,46.0,0
CLT-1620,2024-11-17,Logistics,Pro,12,871.27,4,2,1.7,22,2,-9.0,1
CLT-1621,2024-09-21,Logistics,Basic,12,391.71,18,2,,6,1,57.0,1
CLT-1622,2023-08-03,Finance,Enterprise,12,2983.72,25,4,10.1,7,0,31.0,0
CLT-1623,2023-11-18,eCommerce,Basic,6,414.0,1,3,1.9,7,2,0.0,0
CLT-1624,2023-03-01,Real Estate,Enterprise,6,2514.02,22,1,3.0,30,4,20.0,1
CLT-1625,2024-02-09,Real Estate,Basic,6,339.26,1,4,1.2,4,2,56.0,0
CLT-1626,2023-08-23,eCommerce,Pro,12,1146.62,11,2,2.5,1,0,11.0,0
CLT-1627,2023-04-13,Logistics,Basic,6,282.12,29,5,5.4,3,2,40.0,0
CLT-1628,2024-05-18,SaaS,Pro,12,1240.61,11,1,7.1,12,2,,0
CLT-1629,2024-05-25,Real Estate,Pro,12,1039.89,15,2,4.9,12,0,31.0,1
CLT-1630,2023-03-19,Healthcare,Enterprise,12,2011.85,20,3,4.0,19,2,8.0,0
CLT-1631,2023-06-16,eCommerce,Pro,6,733.58,1,3,1.3,11,1,28.0,1
CLT-1632,2023-03-16,Education,Basic,6,398.8,15,2,2.8,0,0,-5.0,0
CLT-1633,2024-09-03,eCommerce,Basic,12,356.15,15,6,0.4,38,0,18.0,1
CLT-1634,2023-11-01,eCommerce,Basic,12,377.35,29,6,7.2,51,0,2.0,1
CLT-1635,2023-03-06,Education,Basic,1,381.12,4,2,7.4,8,1,29.0,0
CLT-1636,2023-06-22,Finance,Pro,24,947.05,11,3,4.9,5,0,-2.0,1
CLT-1637,2025-05-28,SaaS,Pro,12,1151.25,7,1,6.3,2,1,32.0,0
CLT-1638,2023-08-19,eCommerce,Pro,12,1226.27,6,4,7.6,1,2,58.0,0
CLT-1639,2024-09-08,Logistics,Enterprise,6,2258.26,23,2,,1,3,60.0,0
CLT-1640,2024-02-26,Education,Pro,6,1132.63,14,4,9.2,31,0,-1.0,1
CLT-1641,2023-06-13,Finance,Pro,6,886.21,10,3,1.9,38,2,13.0,0
CLT-1642,2023-10-04,Real Estate,Basic,6,297.87,10,2,4.0,3,1,51.0,0
CLT-1643,2023-01-13,SaaS,Basic,12,314.3,9,4,3.6,4,1,48.0,0
CLT-1644,2024-11-03,Finance,Pro,12,1186.41,10,3,6.9,13,1,15.0,1
CLT-1645,2023-10-29,eCommerce,Enterprise,24,2033.08,4,2,0.7,9,6,18.0,1
CLT-1646,2024-03-25,SaaS,Basic,24,318.11,12,5,9.3,48,1,32.0,0
CLT-1647,2023-05-18,Logistics,Pro,6,1087.23,11,2,6.7,9,0,-16.0,0
CLT-1648,2025-01-11,Logistics,Pro,1,779.62,8,2,10.3,5,1,43.0,0
CLT-1649,2023-07-16,SaaS,Basic,12,382.61,15,4,4.9,35,1,57.0,1
CLT-1650,2024-05-24,eCommerce,Basic,24,409.54,16,5,3.3,1,0,20.0,0
CLT-1651,2025-02-24,Logistics,Enterprise,24,2136.4,10,5,7.0,2,0,-5.0,0
CLT-1652,2024-10-03,eCommerce,Pro,1,802.59,13,5,8.1,4,0,65.0,0
CLT-1653,2024-06-26,Logistics,Basic,6,415.34,31,3,2.9,10,0,35.0,0
CLT-1654,2025-03-10,Healthcare,Enterprise,1,2296.78,31,1,0.0,46,1,48.0,1
CLT-1655,2023-06-08,Logistics,Basic,12,254.21,6,4,0.0,13,2,-3.0,1
CLT-1656,2025-05-17,Real Estate,Enterprise,12,3428.29,7,1,5.8,3,1,-3.0,0
CLT-1657,2024-05-15,Healthcare,Basic,12,400.67,6,4,9.6,18,0,40.0,0
CLT-1658,2024-01-04,Healthcare,Pro,12,1074.09,22,3,1.1,4,2,56.0,1
CLT-1659,2023-08-19,Logistics,Basic,6,339.26,11,4,4.2,7,1,2.0,0
CLT-1660,2024-11-01,Real Estate,Basic,12,405.46,16,2,4.0,24,0,27.0,1
CLT-1661,2025-05-28,Logistics,Enterprise,1,2983.28,30,3,10.8,0,0,-10.0,0
CLT-1662,2024-09-13,Logistics,Basic,12,358.51,14,1,11.8,19,1,12.0,0
CLT-1663,2023-01-30,eCommerce,Basic,12,391.86,20,3,6.3,11,1,24.0,0
CLT-1664,2024-02-27,Finance,Basic,12,357.58,18,0,7.7,10,0,42.0,0
CLT-1665,2024-10-21,Real Estate,Pro,6,991.99,9,7,7.6,16,0,-23.0,0
CLT-1666,2023-12-24,Education,Pro,12,930.45,22,2,1.2,4,3,63.0,0
CLT-1667,2024-11-26,Finance,Enterprise,12,2754.7,7,1,7.1,1,0,26.0,0
CLT-1668,2024-09-28,Finance,Basic,1,334.05,25,8,1.9,0,0,62.0,0
CLT-1669,2023-03-02,Logistics,Basic,6,304.95,9,1,4.5,27,3,47.0,0
CLT-1670,2024-05-17,Education,Basic,12,320.66,10,4,8.4,15,2,51.0,0
CLT-1671,2023-06-04,Real Estate,Pro,6,1153.01,5,3,5.2,4,1,81.0,0
CLT-1672,2024-03-13,Education,Enterprise,1,2624.77,7,5,8.3,7,2,10.0,0
CLT-1673,2023-12-12,Healthcare,Pro,6,733.8,11,4,8.9,22,3,33.0,1
CLT-1674,2024-12-27,Logistics,Pro,6,872.83,1,4,0.0,4,0,5.0,0
CLT-1675,2025-02-20,SaaS,Basic,12,281.71,12,5,0.0,6,3,27.0,1
CLT-1676,2024-02-20,Finance,Enterprise,12,3190.37,10,2,8.5,14,2,48.0,0
CLT-1677,2024-04-28,eCommerce,Basic,6,320.87,20,3,8.6,5,0,58.0,0
CLT-1678,2024-07-17,Logistics,Basic,12,290.46,17,5,5.8,6,0,20.0,0
CLT-1679,2024-08-12,SaaS,Basic,6,385.93,8,4,6.2,33,1,0.0,1
CLT-1680,2024-07-25,eCommerce,Basic,6,243.46,10,6,7.7,5,1,32.0,1
CLT-1681,2024-12-05,Finance,Basic,6,271.37,12,1,7.6,7,2,9.0,1
CLT-1682,2025-06-02,Education,Basic,12,388.85,26,4,4.1,11,0,16.0,0
CLT-1683,2025-01-15,eCommerce,Basic,24,339.12,7,7,7.9,2,2,47.0,0
CLT-1684,2023-05-02,SaaS,Pro,12,1137.77,8,4,4.0,17,1,42.0,1
CLT-1685,2024-03-04,Education,Basic,1,390.87,5,3,5.7,1,3,51.0,1
CLT-1686,2024-02-20,Finance,Basic,6,409.55,2,4,5.6,12,0,22.0,0
CLT-1687,2024-04-02,eCommerce,Enterprise,6,2095.14,16,2,2.4,1,0,55.0,0
CLT-1688,2024-04-20,Logistics,Pro,12,1151.59,16,1,2.8,36,2,30.0,0
CLT-1689,2024-10-08,eCommerce,Pro,1,1102.73,24,1,11.7,45,2,23.0,1
CLT-1690,2024-01-14,Education,Basic,24,277.26,22,3,2.3,22,0,3.0,1
CLT-1691,2023-08-26,Healthcare,Enterprise,12,3397.55,33,2,6.1,4,2,-22.0,1
CLT-1692,2024-02-16,SaaS,Basic,12,312.76,13,4,6.7,16,0,-9.0,0
CLT-1693,2025-02-08,Healthcare,Basic,12,399.77,12,2,4.8,18,0,35.0,0
CLT-1694,2023-10-08,Real Estate,Enterprise,1,2907.67,4,1,7.0,8,1,7.0,0
CLT-1695,2023-01-19,Education,Pro,12,1004.44,20,1,6.0,7,1,-11.0,0
CLT-1696,2025-05-28,SaaS,Pro,1,806.14,15,2,2.4,2,2,20.0,1
CLT-1697,2023-06-26,Finance,Pro,12,1213.74,19,5,6.6,21,2,37.0,0
CLT-1698,2024-06-26,Logistics,Pro,12,1020.6,5,2,3.4,9,2,40.0,0
CLT-1699,2024-12-21,Finance,Basic,1,241.1,17,2,10.2,13,1,29.0,0
CLT-1700,2023-09-05,Finance,Basic,12,243.29,16,4,6.3,2,1,28.0,0
CLT-1701,2023-11-03,eCommerce,Basic,1,379.97,15,3,2.9,1,1,17.0,0
CLT-1702,2023-09-10,SaaS,Basic,1,269.15,9,1,6.0,0,1,46.0,0
CLT-1703,2023-05-15,Education,Enterprise,12,2898.11,24,3,2.2,22,1,26.0,0
CLT-1704,2023-05-18,eCommerce,Basic,12,362.59,30,2,5.8,25,0,28.0,0
CLT-1705,2023-06-18,eCommerce,Pro,24,870.86,5,5,4.3,17,0,56.0,0
CLT-1706,2024-02-17,Real Estate,Pro,12,1027.43,20,6,2.5,18,2,50.0,0
CLT-1707,2024-04-22,Finance,Pro,12,849.74,1,1,2.5,19,3,25.0,0
CLT-1708,2023-01-15,Education,Basic,6,410.34,19,4,12.3,16,3,22.0,1
CLT-1709,2025-01-31,Real Estate,Basic,1,394.83,1,4,5.3,12,1,22.0,0
CLT-1710,2024-08-31,eCommerce,Enterprise,24,2432.06,10,1,3.7,21,3,-21.0,0
CLT-1711,2023-03-05,Healthcare,Pro,1,1005.56,3,2,3.2,12,3,57.0,0
CLT-1712,2025-01-28,Logistics,Pro,12,990.34,12,1,6.4,14,0,13.0,0
CLT-1713,2023-01-28,eCommerce,Enterprise,6,3440.03,21,2,3.1,0,5,51.0,0
CLT-1714,2024-05-19,Real Estate,Pro,6,932.78,1,3,1.7,2,0,31.0,0
CLT-1715,2024-02-23,SaaS,Basic,12,341.2,11,5,4.9,1,0,65.0,0
CLT-1716,2024-03-27,Healthcare,Pro,12,1221.5,10,3,4.9,16,3,43.0,0
CLT-1717,2025-05-10,eCommerce,Basic,12,269.31,27,1,3.7,24,2,53.0,0
CLT-1718,2025-04-14,Logistics,Pro,24,1017.26,17,5,2.3,1,2,15.0,0
CLT-1719,2023-09-09,Finance,Enterprise,6,2158.51,5,3,3.8,0,2,-2.0,0
CLT-1720,2024-06-05,eCommerce,Pro,12,1053.45,10,1,3.6,37,2,34.0,1
CLT-1721,2025-05-13,Education,Basic,1,305.82,26,6,3.2,30,2,-18.0,1
CLT-1722,2024-10-17,Logistics,Basic,12,414.17,20,8,5.8,4,1,18.0,0
CLT-1723,2025-03-09,Finance,Enterprise,6,2623.11,7,3,11.7,5,0,0.0,0
CLT-1724,2024-01-27,Finance,Basic,12,264.51,12,2,9.0,8,0,9.0,0
CLT-1725,2023-09-12,SaaS,Basic,6,390.12,12,3,10.8,11,2,45.0,0
CLT-1726,2024-04-04,Education,Basic,12,387.76,10,6,3.3,36,1,43.0,0
CLT-1727,2025-01-05,Logistics,Basic,12,365.07,1,8,10.0,2,3,26.0,0
CLT-1728,2025-04-15,SaaS,Basic,24,374.79,9,3,5.7,5,2,38.0,0
CLT-1729,2024-09-09,eCommerce,Pro,1,862.95,25,3,8.0,19,1,16.0,0
CLT-1730,2024-09-27,Finance,Basic,24,355.57,11,1,6.4,23,2,91.0,0
CLT-1731,2024-04-05,Real Estate,Basic,6,246.84,13,0,4.0,1,0,38.0,0
CLT-1732,2023-10-15,Healthcare,Basic,6,275.44,15,3,7.2,9,2,15.0,1
CLT-1733,2024-01-16,Healthcare,Basic,6,407.81,32,1,6.5,7,0,52.0,0
CLT-1734,2024-03-23,Education,Basic,6,373.06,14,1,0.0,8,2,61.0,0
CLT-1735,2025-01-03,eCommerce,Pro,12,844.56,23,1,4.6,9,1,11.0,1
CLT-1736,2024-05-14,eCommerce,Basic,6,260.05,9,6,7.6,1,0,-5.0,0
CLT-1737,2024-12-14,Logistics,Basic,6,410.81,12,2,5.8,5,2,-1.0,1
CLT-1738,2023-01-25,Finance,Basic,12,260.19,14,2,6.4,0,1,13.0,0
CLT-1739,2024-11-12,eCommerce,Basic,12,286.27,8,3,2.7,8,1,29.0,0
CLT-1740,2024-04-01,eCommerce,Basic,12,272.87,12,4,5.8,9,1,-11.0,0
CLT-1741,2025-06-17,Real Estate,Basic,12,241.34,21,3,4.7,16,2,20.0,0
CLT-1742,2024-02-29,eCommerce,Enterprise,1,2471.2,8,7,4.4,9,2,25.0,0
CLT-1743,2024-03-06,Logistics,Basic,12,415.35,14,5,3.0,23,3,38.0,0
CLT-1744,2023-04-25,eCommerce,Pro,1,904.63,20,1,7.7,5,0,45.0,0
CLT-1745,2024-12-27,SaaS,Basic,6,330.77,7,4,6.0,2,0,40.0,0
CLT-1746,2024-09-23,eCommerce,Basic,1,374.27,23,2,5.7,3,3,75.0,0
CLT-1747,2025-02-15,Finance,Basic,12,339.19,15,3,11.2,9,0,57.0,0
CLT-1748,2023-03-25,Finance,Pro,6,1121.54,13,3,6.4,3,0,36.0,0
CLT-1749,2023-07-10,Real Estate,Pro,12,1077.28,1,3,8.6,24,1,6.0,0
CLT-1750,2025-02-28,Healthcare,Basic,6,349.54,11,3,5.8,40,1,13.0,1
CLT-1751,2023-02-07,Education,Basic,12,356.94,17,1,3.9,4,0,-6.0,0
CLT-1752,2024-04-02,eCommerce,Basic,12,383.85,28,1,1.8,41,0,34.0,0
CLT-1753,2023-12-31,Logistics,Basic,1,367.83,19,1,5.7,9,1,38.0,1
CLT-1754,2025-04-25,Logistics,Pro,12,1147.56,23,3,0.0,3,2,52.0,1
CLT-1755,2025-02-10,Logistics,Basic,12,266.21,4,4,5.8,3,1,37.0,0
CLT-1756,2025-03-18,eCommerce,Basic,12,361.98,13,2,5.9,9,4,56.0,1
CLT-1757,2023-09-18,Education,Enterprise,1,3105.53,24,1,4.3,6,1,57.0,0
CLT-1758,2024-06-12,Logistics,Basic,12,293.99,7,4,4.7,46,1,4.0,1
CLT-1759,2024-09-22,Finance,Basic,6,397.42,22,1,1.2,10,0,17.0,0
CLT-1760,2025-05-20,eCommerce,Pro,1,884.54,20,8,9.2,8,2,30.0,1
CLT-1761,2023-01-07,Logistics,Basic,6,283.89,16,0,4.0,5,2,12.0,1
CLT-1762,2025-05-29,Education,Basic,12,396.08,11,0,2.1,24,4,24.0,0
CLT-1763,2023-11-16,eCommerce,Basic,6,284.46,6,4,6.6,30,2,38.0,1
CLT-1764,2023-04-26,Education,Enterprise,12,2623.25,28,1,5.3,14,1,27.0,0
CLT-1765,2024-07-07,SaaS,Basic,6,306.23,19,5,3.9,23,2,30.0,0
CLT-1766,2024-12-04,Education,Basic,12,401.65,17,2,3.6,7,1,6.0,0
CLT-1767,2023-04-27,Logistics,Basic,6,321.94,11,4,5.0,13,1,43.0,0
CLT-1768,2023-02-06,eCommerce,Basic,12,364.98,14,3,9.0,18,2,41.0,0
CLT-1769,2025-03-17,SaaS,Pro,12,1148.78,15,3,6.4,6,1,11.0,1
CLT-1770,2025-04-20,Education,Basic,6,353.02,17,6,4.9,52,0,-2.0,1
CLT-1771,2023-05-21,eCommerce,Pro,1,1229.6,20,4,7.6,8,0,61.0,0
CLT-1772,2025-03-24,Real Estate,Pro,12,1153.35,8,4,5.1,3,2,74.0,0
CLT-1773,2025-03-29,SaaS,Pro,24,936.11,2,4,6.2,10,1,36.0,0
CLT-1774,2025-06-16,Finance,Basic,24,411.15,15,2,5.5,12,1,21.0,1
CLT-1775,2023-07-14,Real Estate,Enterprise,6,2786.86,1,4,6.8,29,3,56.0,0
CLT-1776,2024-06-04,Finance,Pro,12,732.19,11,2,3.7,10,0,42.0,0
CLT-1777,2025-06-13,eCommerce,Basic,6,286.8,10,1,1.6,2,0,25.0,0
CLT-1778,2025-03-23,eCommerce,Pro,6,1055.73,18,3,7.7,3,2,54.0,0
CLT-1779,2024-06-28,Logistics,Enterprise,12,2235.22,30,1,9.5,16,0,10.0,0
CLT-1780,2023-06-27,Logistics,Basic,12,345.13,1,2,1.7,5,0,13.0,0
CLT-1781,2023-03-17,Education,Enterprise,12,2542.4,32,3,5.5,6,2,39.0,0
CLT-1782,2023-08-22,Finance,Basic,12,336.19,12,1,3.7,10,2,33.0,0
CLT-1783,2023-02-28,Education,Pro,6,721.01,17,3,7.7,5,0,46.0,0
CLT-1784,2023-06-25,SaaS,Enterprise,12,3272.63,3,5,5.7,1,0,60.0,0
CLT-1785,2023-03-09,Healthcare,Basic,6,305.15,22,1,15.0,0,0,-9.0,0
CLT-1786,2024-11-17,Finance,Pro,1,795.69,14,3,4.1,1,2,31.0,0
CLT-1787,2024-06-14,Real Estate,Basic,6,318.82,14,6,9.6,14,1,78.0,0
CLT-1788,2024-04-11,Finance,Pro,24,982.54,1,1,9.9,19,1,15.0,0
CLT-1789,2024-12-29,Real Estate,Pro,12,1064.2,15,2,6.6,14,1,12.0,0
CLT-1790,2024-01-05,SaaS,Basic,1,334.42,21,3,5.1,6,2,-26.0,0
CLT-1791,2023-12-29,Real Estate,Basic,12,247.83,12,2,5.3,3,1,33.0,0
CLT-1792,2023-07-06,Education,Basic,24,396.87,23,3,5.0,6,0,45.0,0
CLT-1793,2024-02-05,Logistics,Basic,24,322.17,23,7,8.4,7,1,44.0,0
CLT-1794,2023-06-07,SaaS,Basic,12,253.86,9,5,2.4,5,1,4.0,0
CLT-1795,2024-06-14,eCommerce,Basic,6,379.11,27,4,4.5,25,0,30.0,0
CLT-1796,2025-06-16,Education,Basic,12,358.83,14,2,4.2,16,2,36.0,0
CLT-1797,2024-04-24,Finance,Basic,12,356.9,14,3,0.0,8,1,31.0,0
CLT-1798,2023-09-27,Education,Pro,24,950.53,15,1,7.6,1,0,3.0,0
CLT-1799,2024-09-11,SaaS,Pro,12,941.67,15,5,8.2,7,1,32.0,0
CLT-1800,2025-01-08,Logistics,Pro,12,1009.62,1,2,,28,2,10.0,0
CLT-1801,2024-02-29,Education,pro,1,249.11,13,3,8.1,14,1,-17.0,0
CLT-1802,2023-08-14,Logistics,Enterprise,12,2448.44,3,1,0.2,8,1,47.0,1
CLT-1803,2024-10-04,Logistics,Pro,6,1253.46,27,4,5.1,26,1,34.0,0
CLT-1804,2023-06-18,Real Estate,Basic,1,359.19,27,4,4.6,9,0,45.0,0
CLT-1805,2025-06-16,eCommerce,Basic,12,315.41,21,4,5.3,5,0,17.0,0
CLT-1806,2023-10-14,eCommerce,Pro,12,840.08,12,3,5.2,1,1,46.0,0
CLT-1807,2023-11-12,Education,Basic,24,374.14,6,0,4.8,1,1,56.0,0
CLT-1808,2024-10-16,SaaS,Pro,12,860.56,9,3,3.8,4,1,74.0,0
CLT-1809,2023-01-11,SaaS,Enterprise,24,2243.56,30,6,4.7,3,0,50.0,0
CLT-1810,2023-07-02,Healthcare,Basic,12,267.81,8,1,9.1,1,1,40.0,0
CLT-1811,2023-04-24,Education,Basic,12,371.27,1,4,3.3,9,0,-4.0,0
CLT-1812,2023-12-18,Logistics,Enterprise,1,2964.22,22,2,11.8,27,1,27.0,0
CLT-1813,2024-05-13,Logistics,Pro,12,757.7,26,5,3.1,16,3,-6.0,1
CLT-1814,2023-06-11,Real Estate,Basic,1,260.71,27,2,5.7,1,1,10.0,0
CLT-1815,2023-11-06,SaaS,Enterprise,1,2950.77,22,5,6.7,1,1,79.0,0
CLT-1816,2024-11-25,Healthcare,Enterprise,6,2856.67,24,4,4.1,11,0,4.0,0
CLT-1817,2025-04-25,SaaS,Pro,12,1090.44,14,3,9.1,16,0,-29.0,0
CLT-1818,2023-01-13,Education,Pro,12,816.14,1,7,6.6,18,1,50.0,1
CLT-1819,2024-07-18,Education,Basic,24,370.79,14,4,4.4,8,1,13.0,0
CLT-1820,2023-01-24,eCommerce,Basic,24,408.5,19,2,9.1,2,1,49.0,0
CLT-1821,2024-04-13,Healthcare,Pro,24,1044.57,13,1,2.0,13,0,1.0,0
CLT-1822,2025-03-02,Healthcare,Basic,1,275.3,13,0,3.3,11,1,19.0,0
CLT-1823,2024-12-19,Finance,Pro,24,1086.95,6,4,6.7,25,2,60.0,0
CLT-1824,2023-07-29,Real Estate,Pro,12,905.26,6,5,7.4,7,0,-3.0,0
CLT-1825,2023-08-21,Education,Basic,24,248.87,29,3,6.0,3,0,26.0,0
CLT-1826,2024-12-06,Real Estate,Pro,6,883.26,29,2,4.6,1,1,37.0,0
CLT-1827,2025-01-07,Logistics,Basic,1,403.01,14,1,4.2,3,1,12.0,1
CLT-1828,2023-09-10,Real Estate,Enterprise,24,2616.71,16,4,8.4,17,1,36.0,0
CLT-1829,2023-01-03,eCommerce,Basic,6,395.64,6,5,5.7,8,2,30.0,0
CLT-1830,2024-02-05,Finance,Pro,6,994.68,19,2,2.4,8,0,43.0,0
CLT-1831,2024-07-11,Logistics,Pro,12,999.17,28,5,2.2,11,1,76.0,0
CLT-1832,2024-02-04,Education,Basic,1,240.94,2,4,9.5,5,2,97.0,0
CLT-1833,2025-04-21,Finance,Pro,1,1064.04,18,7,2.8,10,0,42.0,1
CLT-1834,2025-01-02,eCommerce,Pro,24,778.22,18,6,5.8,11,4,27.0,0
CLT-1835,2024-12-10,SaaS,Pro,24,978.52,18,1,9.1,42,1,41.0,0
CLT-1836,2023-01-19,Logistics,Pro,24,860.57,27,2,6.6,13,0,24.0,0
CLT-1837,2025-02-07,Healthcare,Enterprise,6,2588.57,30,4,2.7,9,3,-10.0,0
CLT-1838,2024-11-10,Real Estate,Basic,6,336.67,12,2,2.0,9,3,29.0,0
CLT-1839,2023-12-24,eCommerce,Pro,12,727.81,19,4,10.6,2,1,57.0,0
CLT-1840,2024-06-14,Healthcare,Basic,12,291.23,15,2,1.9,12,4,-7.0,1
CLT-1841,2025-01-11,Healthcare,Pro,1,1254.39,9,2,3.3,4,2,5.0,0
CLT-1842,2025-03-26,Healthcare,Pro,12,751.0,16,2,6.1,5,3,15.0,0
CLT-1843,2024-05-10,Education,Basic,24,297.49,19,4,4.3,13,1,39.0,1
CLT-1844,2023-02-07,Logistics,Basic,12,297.86,16,2,6.7,11,5,89.0,0
CLT-1845,2024-07-10,Real Estate,Enterprise,6,2569.08,7,2,0.6,3,1,10.0,0
CLT-1846,2024-09-04,SaaS,Basic,6,363.26,10,1,4.4,14,1,32.0,1
CLT-1847,2023-02-23,Real Estate,Pro,1,853.78,10,4,7.0,17,2,30.0,0
CLT-1848,2025-01-05,eCommerce,Basic,6,322.85,7,3,7.0,3,3,22.0,0
CLT-1849,2023-07-01,Healthcare,Enterprise,12,2967.3,17,3,3.3,3,1,29.0,0
CLT-1850,2025-03-12,Healthcare,Basic,12,298.02,17,5,1.9,13,3,18.0,1
CLT-1851,2024-05-10,SaaS,Basic,12,410.78,22,5,5.6,5,1,99.0,0
CLT-1852,2023-10-17,Healthcare,Enterprise,12,3469.51,7,1,1.1,1,1,49.0,0
CLT-1853,2023-02-22,eCommerce,Enterprise,6,2179.51,9,2,8.9,32,0,19.0,0
CLT-1854,2023-01-17,Education,Basic,1,301.89,26,2,5.5,4,0,60.0,0
CLT-1855,2024-10-29,Finance,Basic,1,277.43,13,4,2.9,30,3,36.0,1
CLT-1856,2023-12-06,SaaS,Pro,1,820.87,14,1,1.8,7,2,31.0,1
CLT-1857,2025-01-26,Logistics,Enterprise,12,2736.47,13,3,3.1,8,2,25.0,0
CLT-1858,2023-07-27,Logistics,Basic,12,341.49,23,2,0.3,4,1,24.0,0
CLT-1859,2025-04-08,Healthcare,Pro,24,949.85,23,1,6.5,34,0,0.0,0
CLT-1860,2025-04-27,Real Estate,Pro,12,867.18,23,0,2.6,6,1,-12.0,0
CLT-1861,2023-04-02,Education,Pro,12,870.46,14,2,6.2,3,1,39.0,0
CLT-1862,2024-08-05,Healthcare,Pro,6,1255.75,7,2,6.6,1,0,25.0,0
CLT-1863,2025-04-25,SaaS,Pro,12,1218.79,29,7,7.9,18,1,52.0,0
CLT-1864,2023-10-18,Healthcare,Basic,6,253.66,21,3,5.8,13,0,8.0,0
CLT-1865,2023-03-02,eCommerce,Enterprise,24,2984.83,10,3,8.4,2,1,3.0,0
CLT-1866,2025-02-26,Healthcare,Enterprise,12,2685.32,25,1,9.2,24,1,49.0,0
CLT-1867,2024-03-02,eCommerce,Pro,6,1091.96,10,3,5.8,6,1,23.0,0
CLT-1868,2023-01-25,eCommerce,Basic,6,347.45,25,0,6.0,6,2,51.0,0
CLT-1869,2025-01-26,Finance,Basic,1,400.07,26,3,3.3,13,1,31.0,1
CLT-1870,2024-09-02,SaaS,Pro,24,756.17,7,7,2.0,41,2,77.0,1
CLT-1871,2023-03-05,Logistics,Basic,1,302.93,19,3,8.8,8,0,49.0,0
CLT-1872,2023-08-21,Education,Enterprise,1,3478.24,20,3,6.8,15,3,40.0,0
CLT-1873,2023-01-17,Logistics,Basic,6,272.81,35,0,7.1,30,3,50.0,0
CLT-1874,2025-05-09,Finance,Pro,12,788.76,8,0,3.2,23,1,23.0,0
CLT-1875,2023-01-23,SaaS,Enterprise,12,3093.46,25,1,9.9,14,1,-11.0,0
CLT-1876,2024-12-17,Healthcare,Basic,12,379.94,14,2,4.3,13,0,39.0,0
CLT-1877,2024-04-05,eCommerce,Basic,6,361.01,4,3,2.6,20,0,79.0,0
CLT-1878,2024-06-08,Logistics,Pro,1,1139.15,13,4,3.3,5,1,-27.0,0
CLT-1879,2024-12-31,Logistics,Pro,24,1094.61,14,5,9.7,11,2,42.0,0
CLT-1880,2025-03-16,Finance,Basic,6,264.44,6,3,1.7,22,2,-8.0,1
CLT-1881,2023-04-25,Healthcare,Pro,1,1048.44,16,3,2.7,3,0,29.0,1
CLT-1882,2023-01-17,eCommerce,Enterprise,12,3165.32,22,1,13.7,6,0,32.0,0
CLT-1883,2023-04-23,Finance,Basic,1,395.79,16,4,7.8,8,1,49.0,0
CLT-1884,2024-09-06,Logistics,Basic,1,284.32,10,6,2.8,3,1,35.0,0
CLT-1885,2024-05-26,Education,Basic,12,262.94,13,5,1.8,10,1,64.0,0
CLT-1886,2023-03-17,Real Estate,Basic,12,380.6,14,3,0.0,0,2,59.0,0
CLT-1887,2023-07-30,Real Estate,Basic,6,286.18,16,5,5.3,56,3,25.0,1
CLT-1888,2024-04-28,Healthcare,Basic,6,245.75,23,4,7.2,8,0,,0
CLT-1889,2024-10-19,Education,Pro,12,1165.62,16,3,9.6,2,3,22.0,0
CLT-1890,2023-11-06,eCommerce,Basic,1,331.08,3,3,0.0,9,2,18.0,0
CLT-1891,2025-05-04,Finance,Enterprise,1,2489.95,10,2,1.0,15,1,0.0,1
CLT-1892,2025-06-12,eCommerce,Basic,12,242.06,15,3,4.6,34,1,63.0,1
CLT-1893,2024-11-20,Real Estate,Basic,12,246.36,23,2,13.4,5,3,22.0,0
CLT-1894,2024-02-13,Healthcare,Pro,24,1148.02,24,2,7.7,10,0,-31.0,0
CLT-1895,2025-02-28,Logistics,Enterprise,6,2734.56,28,2,6.1,1,1,44.0,0
CLT-1896,2024-10-17,Logistics,Basic,1,266.95,15,3,1.3,3,1,19.0,1
CLT-1897,2024-04-12,Finance,Basic,12,304.53,20,3,0.0,4,1,23.0,0
CLT-1898,2024-02-04,Education,Basic,12,269.75,2,4,5.1,0,1,24.0,0
CLT-1899,2025-01-19,eCommerce,Pro,1,780.96,17,5,4.7,9,1,22.0,1
CLT-1900,2024-05-16,eCommerce,Basic,12,289.74,5,7,4.2,2,4,98.0,1
CLT-1901,2023-06-14,Finance,Basic,6,338.91,13,3,3.9,7,1,72.0,0
CLT-1902,2025-06-18,Real Estate,Basic,12,277.8,38,3,2.8,24,1,47.0,1
CLT-1903,2023-03-03,SaaS,Basic,12,301.86,16,4,2.1,5,2,36.0,1
CLT-1904,2024-09-17,Education,Enterprise,12,2716.9,7,5,9.2,0,0,58.0,1
CLT-1905,2024-08-13,Logistics,Pro,24,946.82,17,4,2.3,9,0,36.0,0
CLT-1906,2024-06-11,SaaS,Basic,24,263.15,10,4,4.2,18,3,50.0,0
CLT-1907,2023-02-16,Education,Basic,1,247.0,6,5,4.9,31,0,44.0,0
CLT-1908,2024-03-19,Logistics,Basic,6,246.38,31,2,7.1,2,0,33.0,0
CLT-1909,2025-03-14,Logistics,Basic,12,303.03,23,2,2.4,26,1,54.0,0
CLT-1910,2023-08-04,Finance,Pro,1,1108.15,17,1,7.9,27,3,19.0,0
CLT-1911,2024-09-14,Real Estate,Enterprise,6,2196.88,11,4,3.3,15,0,31.0,0
CLT-1912,2025-02-11,Real Estate,Enterprise,6,3180.47,12,5,4.5,10,1,6.0,0
CLT-1913,2025-05-06,Logistics,Enterprise,24,3073.51,26,3,9.9,12,0,8.0,0
CLT-1914,2024-04-09,eCommerce,Enterprise,12,2005.92,16,4,2.1,2,1,-33.0,1
CLT-1915,2023-10-10,eCommerce,Enterprise,12,2040.12,1,9,7.2,37,0,41.0,0
CLT-1916,2024-09-21,Education,Basic,6,275.11,33,6,8.0,26,2,48.0,0
CLT-1917,2024-03-13,eCommerce,Basic,1,250.1,15,2,5.9,8,1,57.0,0
CLT-1918,2024-07-18,Real Estate,Basic,24,335.64,17,4,4.6,3,2,2.0,1
CLT-1919,2024-10-29,eCommerce,Pro,1,741.4,23,5,11.4,70,1,41.0,1
CLT-1920,2024-10-01,eCommerce,Basic,1,384.48,18,3,5.0,9,0,30.0,0
CLT-1921,2023-08-07,Logistics,Pro,6,986.2,20,3,5.6,13,1,48.0,0
CLT-1922,2024-11-11,Education,Pro,12,1113.1,11,1,4.0,45,0,14.0,1
CLT-1923,2024-05-02,Real Estate,Pro,6,1125.38,4,3,5.5,2,1,22.0,0
CLT-1924,2025-04-17,SaaS,Basic,1,331.22,16,3,7.9,9,1,-9.0,1
CLT-1925,2024-08-16,eCommerce,Basic,6,406.57,25,1,4.2,14,4,12.0,0
CLT-1926,2025-03-13,eCommerce,Basic,6,418.24,9,4,0.0,6,5,30.0,1
CLT-1927,2025-05-30,Finance,Enterprise,1,2538.82,8,4,6.5,10,2,34.0,0
CLT-1928,2025-06-14,Healthcare,Pro,12,787.97,24,6,1.8,21,0,-12.0,1
CLT-1929,2024-11-01,Healthcare,Pro,1,916.15,10,1,7.2,1,1,17.0,0
CLT-1930,2024-06-21,SaaS,Basic,6,280.2,11,2,5.0,2,0,34.0,0
CLT-1931,2023-04-17,Real Estate,Basic,12,335.58,11,0,7.8,8,1,65.0,0
CLT-1932,2023-12-14,Finance,Basic,12,308.11,13,3,2.2,20,0,9.0,0
CLT-1933,2024-03-03,Healthcare,Pro,6,979.44,1,3,3.4,4,2,42.0,0
CLT-1934,2024-12-03,Logistics,Pro,6,1132.12,10,2,4.0,6,1,16.0,0
CLT-1935,2024-06-13,eCommerce,Basic,6,289.32,16,1,0.6,16,3,19.0,0
CLT-1936,2024-01-31,eCommerce,Enterprise,24,2806.21,16,5,8.3,4,5,8.0,0
CLT-1937,2023-05-12,Education,Basic,6,300.33,23,0,0.1,26,0,4.0,0
CLT-1938,2024-10-06,SaaS,Enterprise,6,3177.44,29,3,8.3,16,0,18.0,0
CLT-1939,2024-01-24,Real Estate,Basic,12,355.12,26,5,6.3,9,0,56.0,0
CLT-1940,2023-02-02,Healthcare,Basic,6,241.53,21,4,4.4,8,0,11.0,0
CLT-1941,2023-09-13,SaaS,Pro,6,1076.43,13,1,6.0,6,0,7.0,0
CLT-1942,2025-03-02,Real Estate,Basic,1,270.63,9,1,6.0,6,2,35.0,1
CLT-1943,2023-04-17,Finance,Basic,12,370.41,14,7,3.8,21,2,30.0,0
CLT-1944,2024-01-01,SaaS,Basic,12,342.12,19,2,5.9,0,0,28.0,0
CLT-1945,2024-04-05,Education,Basic,12,312.27,21,5,7.2,13,3,36.0,0
CLT-1946,2023-03-17,Real Estate,Pro,12,1094.8,19,3,2.2,35,2,5.0,1
CLT-1947,2023-05-30,Education,Enterprise,6,3284.89,13,6,6.0,31,2,8.0,0
CLT-1948,2025-04-26,SaaS,Enterprise,24,3168.12,20,6,0.0,10,1,55.0,0
CLT-1949,2024-06-15,Finance,Basic,12,338.17,24,3,0.0,2,2,26.0,1
CLT-1950,2023-07-09,SaaS,Pro,12,1110.25,21,6,6.7,3,1,45.0,0
CLT-1951,2023-06-02,Finance,Basic,12,314.5,14,1,3.7,8,0,61.0,0
CLT-1952,2024-01-19,Logistics,Basic,6,382.02,7,4,2.4,3,0,51.0,0
CLT-1953,2024-10-13,Healthcare,Basic,6,389.23,7,2,4.8,2,2,-4.0,0
CLT-1954,2024-10-19,SaaS,Enterprise,12,2205.94,9,5,3.8,1,3,27.0,0
CLT-1955,2023-06-25,Logistics,Enterprise,1,2357.05,16,1,2.0,8,1,56.0,0
CLT-1956,2024-10-15,SaaS,Pro,12,865.79,18,2,0.1,24,1,43.0,1
CLT-1957,2025-03-17,Logistics,Pro,1,809.68,3,4,0.0,9,2,35.0,1
CLT-1958,2023-07-23,Education,Basic,1,310.66,10,2,7.2,12,3,-11.0,1
CLT-1959,2023-01-24,eCommerce,Pro,24,824.24,16,4,3.7,0,1,15.0,0
CLT-1960,2025-05-13,eCommerce,Pro,12,1041.59,7,1,7.9,6,1,32.0,0
CLT-1961,2024-04-14,eCommerce,Basic,12,258.29,17,4,3.7,4,1,-6.0,1
CLT-1962,2024-11-29,eCommerce,Basic,6,288.59,12,2,6.1,14,2,50.0,0
CLT-1963,2023-10-16,SaaS,Basic,12,359.79,8,4,4.6,1,3,27.0,0
CLT-1964,2023-09-27,eCommerce,Enterprise,24,2597.82,14,5,5.1,14,1,-19.0,0
CLT-1965,2023-07-22,Logistics,Basic,12,315.86,17,0,5.3,3,2,16.0,1
CLT-1966,2023-07-15,Healthcare,Enterprise,12,3196.89,7,2,3.7,1,0,23.0,0
CLT-1967,2024-02-29,Education,Basic,12,417.21,12,5,1.3,7,0,27.0,0
CLT-1968,2023-04-06,Education,Pro,6,1025.14,18,5,7.3,8,3,65.0,1
CLT-1969,2025-01-27,Education,Basic,12,254.23,8,2,9.8,15,0,44.0,0
CLT-1970,2024-04-05,Real Estate,Basic,24,258.52,1,2,10.0,0,0,-4.0,0
CLT-1971,2025-04-03,Healthcare,Basic,12,414.33,2,4,3.3,13,1,-7.0,0
CLT-1972,2024-03-27,Finance,Basic,6,362.26,11,0,2.8,7,3,23.0,0
CLT-1973,2023-09-30,eCommerce,Enterprise,12,3128.7,3,3,3.3,46,1,33.0,0
CLT-1974,2024-04-08,Real Estate,Basic,12,361.64,11,4,4.5,18,1,55.0,0
CLT-1975,2023-05-19,Real Estate,Pro,24,816.99,27,4,4.8,22,0,73.0,1
CLT-1976,2025-01-11,Education,Basic,12,320.71,3,3,2.0,39,1,75.0,0
CLT-1977,2024-10-10,Real Estate,Basic,6,383.65,12,0,0.6,17,0,19.0,1
CLT-1978,2023-05-13,Education,Pro,6,1187.84,31,2,5.1,4,2,53.0,0
CLT-1979,2024-06-07,Finance,Basic,12,282.72,17,0,0.0,26,1,41.0,1
CLT-1980,2024-04-29,Healthcare,Enterprise,1,2893.94,11,3,4.7,26,1,3.0,0
CLT-1981,2023-06-30,Finance,Pro,12,804.84,13,4,2.2,9,0,-17.0,0
CLT-1982,2023-04-20,eCommerce,Pro,12,1237.47,17,5,7.3,1,2,34.0,0
CLT-1983,2024-11-15,Finance,Basic,12,285.4,28,2,8.1,3,0,-7.0,0
CLT-1984,2023-08-26,eCommerce,Basic,6,370.79,10,4,8.2,2,0,9.0,0
CLT-1985,2024-04-12,Education,Enterprise,12,2346.67,8,4,4.0,4,1,13.0,0
CLT-1986,2023-08-11,Healthcare,Basic,12,350.89,3,3,1.6,14,1,35.0,0
CLT-1987,2024-08-11,Finance,Basic,6,358.67,15,2,2.6,2,0,62.0,0
CLT-1988,2023-02-14,SaaS,pro,12,299.12,3,4,5.9,0,0,30.0,0
CLT-1989,2023-11-20,Real Estate,Pro,12,1162.17,10,4,0.1,32,0,17.0,1
CLT-1990,2024-05-07,Finance,Pro,12,1198.1,7,4,9.2,2,1,-22.0,0
CLT-1991,2024-01-31,SaaS,Pro,1,1181.74,23,5,4.0,4,1,41.0,0
CLT-1992,2024-07-05,eCommerce,Pro,6,898.63,10,2,6.5,3,1,31.0,0
CLT-1993,2023-06-12,SaaS,Basic,12,373.98,17,2,0.0,9,0,16.0,1
CLT-1994,2024-02-02,Healthcare,Enterprise,1,2839.24,1,4,2.2,4,0,59.0,0
CLT-1995,2024-11-11,Healthcare,Basic,12,346.67,15,1,0.0,7,0,0.0,1
CLT-1996,2023-10-28,Logistics,Pro,12,977.81,4,1,8.1,1,0,13.0,0
CLT-1997,2023-05-22,eCommerce,Basic,1,348.05,11,4,4.5,10,1,24.0,0
CLT-1998,2025-02-01,eCommerce,Enterprise,12,2203.48,32,2,6.7,3,1,16.0,0
CLT-1999,2024-12-01,eCommerce,Basic,24,313.59,21,7,5.2,5,1,44.0,0
CLT-2000,2024-09-04,Finance,Basic,12,271.98,13,3,6.4,7,1,42.0,0
CLT-2001,2024-12-19,Finance,Basic,12,290.42,40,3,4.0,6,1,56.0,0
CLT-2002,2024-12-01,eCommerce,Basic,12,263.01,7,4,4.4,9,0,,0
CLT-2003,2024-11-02,eCommerce,Basic,6,278.25,23,2,4.7,22,1,27.0,0
CLT-2004,2024-04-03,SaaS,Pro,1,1142.24,2,3,6.2,4,0,22.0,0
CLT-2005,2023-01-18,Finance,Basic,12,338.97,12,3,6.3,11,2,41.0,0
CLT-2006,2024-06-21,Logistics,Enterprise,6,2035.46,3,4,13.4,9,0,25.0,0
CLT-2007,2023-09-03,Education,Basic,6,381.93,16,2,,13,0,31.0,0
CLT-2008,2024-11-26,Healthcare,Pro,1,1211.11,14,2,0.0,2,0,43.0,0
CLT-2009,2024-02-26,Logistics,Basic,12,398.48,12,3,4.6,8,1,33.0,0
CLT-2010,2025-03-25,SaaS,Pro,1,1164.43,23,3,3.8,2,3,38.0,0
CLT-2011,2024-06-19,Logistics,Pro,12,1255.8,9,1,8.8,12,3,10.0,0
CLT-2012,2024-05-10,Logistics,Basic,6,345.55,17,4,4.1,2,2,64.0,0
CLT-2013,2025-04-07,Healthcare,Enterprise,12,3443.88,21,5,6.4,3,2,2.0,0
CLT-2014,2024-03-03,Logistics,Basic,6,410.79,2,2,0.0,5,1,41.0,0
CLT-2015,2023-12-05,Logistics,Basic,6,296.38,8,3,0.5,9,2,18.0,1
CLT-2016,2023-12-01,Real Estate,Pro,12,1186.25,14,3,11.3,5,2,57.0,0
CLT-2017,2025-02-26,eCommerce,Pro,12,1147.94,19,6,5.2,14,1,52.0,0
CLT-2018,2024-11-11,SaaS,Basic,6,379.64,25,1,2.0,2,1,30.0,0
CLT-2019,2023-05-28,Finance,Basic,12,401.33,12,3,5.7,11,2,69.0,0
CLT-2020,2024-03-19,eCommerce,Enterprise,12,2576.29,11,2,1.8,16,0,25.0,1
CLT-2021,2023-12-01,Healthcare,Pro,6,936.03,7,3,4.1,14,0,52.0,0
CLT-2022,2024-08-05,Logistics,Enterprise,12,2960.08,17,2,0.6,7,0,12.0,0
CLT-2023,2023-02-17,eCommerce,Pro,1,1118.41,12,5,2.6,16,0,40.0,0
CLT-2024,2024-10-04,Healthcare,Pro,12,1195.06,12,3,3.8,6,0,7.0,0
CLT-2025,2024-10-30,Logistics,Basic,1,397.65,13,2,8.4,1,3,30.0,0
CLT-2026,2023-07-23,Logistics,Enterprise,12,3082.01,18,3,6.4,5,2,29.0,0
CLT-2027,2023-05-16,Logistics,Basic,6,412.24,9,3,6.9,7,3,,0
CLT-2028,2024-07-18,SaaS,Pro,12,816.46,8,3,4.9,0,2,13.0,1
CLT-2029,2023-08-20,Real Estate,Basic,12,411.06,17,4,7.5,7,0,100.0,0
CLT-2030,2025-04-27,Real Estate,Pro,24,754.66,1,3,2.4,1,1,-5.0,1
CLT-2031,2024-11-28,Logistics,Pro,12,1020.04,9,4,2.8,20,0,36.0,0
CLT-2032,2025-05-09,eCommerce,Pro,12,768.71,5,4,6.2,0,0,37.0,0
CLT-2033,2024-04-26,eCommerce,Enterprise,6,2852.0,24,0,4.2,6,5,43.0,0
CLT-2034,2025-04-24,Education,Basic,6,310.22,10,3,5.0,12,1,,1
CLT-2035,2023-01-13,Logistics,Pro,1,764.07,10,0,4.5,23,0,36.0,0
CLT-2036,2023-09-18,Education,Basic,12,356.66,14,3,8.8,5,1,16.0,0
CLT-2037,2023-01-03,eCommerce,Basic,12,371.62,9,7,8.9,7,1,77.0,0
CLT-2038,2024-09-01,Finance,Basic,12,271.35,11,5,3.1,3,0,14.0,0
CLT-2039,2024-04-04,eCommerce,Basic,12,365.0,15,2,0.0,13,1,26.0,1
CLT-2040,2023-09-16,Logistics,Basic,12,272.23,11,3,2.9,3,2,13.0,1
CLT-2041,2023-10-02,eCommerce,Pro,6,794.19,11,3,2.3,12,1,10.0,0
CLT-2042,2024-08-02,Finance,Pro,1,799.58,6,1,7.5,11,0,-5.0,0
CLT-2043,2023-06-12,Healthcare,Pro,12,1043.5,5,3,7.8,28,1,47.0,0
CLT-2044,2024-04-08,Education,Basic,6,380.18,14,4,1.9,8,2,13.0,0
CLT-2045,2024-07-06,Healthcare,Basic,1,347.44,16,2,2.7,4,2,10.0,0
CLT-2046,2023-08-04,Education,Basic,24,385.68,3,1,0.6,4,1,6.0,0
CLT-2047,2023-07-25,Real Estate,Pro,24,1039.4,20,3,5.4,44,1,38.0,0
CLT-2048,2023-11-15,SaaS,Enterprise,12,3195.98,20,0,4.9,4,0,31.0,0
CLT-2049,2024-06-16,eCommerce,Basic,6,415.77,22,3,7.4,12,2,31.0,0
CLT-2050,2023-08-17,Logistics,Pro,12,931.12,16,7,6.5,17,1,11.0,0
CLT-2051,2023-12-08,eCommerce,Basic,6,266.99,19,1,6.8,26,1,41.0,0
CLT-2052,2024-05-04,eCommerce,Basic,12,264.37,31,1,0.4,8,2,13.0,0
CLT-2053,2023-06-18,Real Estate,Basic,6,347.55,12,1,3.1,49,1,32.0,1
CLT-2054,2024-05-27,eCommerce,Basic,24,338.48,6,3,7.8,4,3,27.0,0
CLT-2055,2023-05-05,SaaS,Pro,24,819.49,2,7,3.4,7,3,-12.0,1
CLT-2056,2023-05-09,Logistics,Enterprise,12,3323.16,28,4,0.1,16,2,81.0,0
CLT-2057,2023-08-02,Logistics,Basic,1,412.21,28,0,7.4,31,1,44.0,0
CLT-2058,2023-09-15,Education,Pro,12,856.74,7,6,3.3,2,3,35.0,1
CLT-2059,2023-01-27,Finance,Pro,6,831.72,8,0,8.2,22,1,38.0,0
CLT-2060,2025-05-15,SaaS,Enterprise,24,2320.88,11,2,4.9,5,0,81.0,0
CLT-2061,2023-10-05,Healthcare,Pro,1,929.21,24,4,4.2,8,0,58.0,0
CLT-2062,2024-12-25,eCommerce,Basic,1,393.58,4,2,9.1,11,1,39.0,0
CLT-2063,2025-03-22,Finance,Pro,12,1041.82,1,2,1.1,36,0,12.0,1
CLT-2064,2024-12-21,Real Estate,Basic,12,252.16,31,4,9.3,35,0,16.0,0
CLT-2065,2025-01-18,SaaS,Enterprise,12,2709.47,16,3,3.1,12,0,-15.0,0
CLT-2066,2023-04-01,Logistics,Basic,1,256.26,18,1,5.5,13,0,21.0,0
CLT-2067,2023-12-01,SaaS,Pro,12,939.36,12,4,5.5,67,2,47.0,1
CLT-2068,2024-11-02,eCommerce,Basic,1,312.63,18,3,3.7,16,1,46.0,1
CLT-2069,2024-06-02,Education,Basic,1,356.7,2,2,2.7,15,0,45.0,0
CLT-2070,2023-01-06,Real Estate,Enterprise,12,2824.18,7,1,3.9,9,3,17.0,1
CLT-2071,2024-05-25,Education,Pro,6,1192.37,15,3,2.0,3,1,44.0,1
CLT-2072,2024-12-25,Real Estate,Basic,12,242.93,1,3,10.9,4,0,51.0,0
CLT-2073,2025-01-15,Education,Enterprise,1,3161.0,12,4,3.6,13,1,-26.0,0
CLT-2074,2023-12-12,Real Estate,Enterprise,1,2033.99,11,3,8.5,7,1,38.0,0
CLT-2075,2023-08-01,SaaS,Basic,12,294.77,12,1,8.1,13,2,82.0,0
CLT-2076,2023-10-06,SaaS,Pro,6,1195.02,10,2,6.1,22,1,23.0,1
CLT-2077,2023-09-24,Education,Basic,12,364.27,6,4,4.6,2,4,-33.0,0
CLT-2078,2023-11-08,SaaS,Pro,12,812.88,1,3,5.6,2,2,10.0,0
CLT-2079,2023-09-29,Healthcare,Basic,1,328.34,15,2,6.7,29,2,-15.0,0
CLT-2080,2024-02-16,SaaS,Basic,12,369.94,12,4,5.3,6,0,14.0,1
CLT-2081,2023-02-06,Healthcare,Enterprise,6,3406.01,3,6,0.3,22,0,-1.0,1
CLT-2082,2023-09-05,Logistics,Enterprise,6,2951.48,15,2,0.0,10,2,53.0,1
CLT-2083,2023-10-11,eCommerce,Pro,1,733.32,12,3,9.5,12,1,49.0,0
CLT-2084,2023-05-19,Real Estate,Enterprise,12,2749.55,10,4,0.0,16,0,39.0,0
CLT-2085,2025-03-01,Finance,Pro,12,802.6,1,2,5.6,9,0,61.0,0
CLT-2086,2024-08-30,SaaS,Pro,12,745.8,19,4,4.3,3,0,16.0,0
CLT-2087,2025-03-31,SaaS,Pro,24,1043.2,4,3,5.5,13,3,32.0,0
CLT-2088,2024-05-20,eCommerce,Basic,6,379.85,15,4,1.6,49,2,85.0,0
CLT-2089,2023-04-09,Education,Basic,24,246.49,8,3,6.1,12,2,45.0,0
CLT-2090,2025-03-25,Healthcare,Basic,12,381.05,11,3,5.6,1,1,45.0,0
CLT-2091,2024-02-17,Logistics,Pro,24,1101.45,23,1,13.3,4,0,11.0,0
CLT-2092,2024-09-07,SaaS,Basic,24,375.36,18,4,5.4,23,0,20.0,0
CLT-2093,2023-12-10,Education,Basic,24,284.05,23,6,9.0,19,0,5.0,0
CLT-2094,2024-03-20,SaaS,Pro,1,932.54,17,3,0.5,3,1,72.0,0
CLT-2095,2024-03-16,Logistics,Basic,12,261.56,17,3,8.1,16,3,-9.0,1
CLT-2096,2023-09-14,eCommerce,Basic,12,283.0,1,4,5.7,4,0,53.0,0
CLT-2097,2024-05-14,Finance,Pro,12,883.51,11,2,5.8,24,1,45.0,1
CLT-2098,2024-10-22,Healthcare,Enterprise,6,2479.15,12,3,5.9,6,1,-10.0,0
CLT-2099,2023-01-19,eCommerce,Basic,24,271.51,24,2,10.1,10,1,59.0,0
CLT-2100,2023-04-28,Healthcare,Basic,6,273.97,10,1,5.8,10,0,24.0,0
CLT-2101,2025-01-28,SaaS,Basic,12,402.26,16,2,2.6,17,3,-3.0,1
CLT-2102,2024-05-27,eCommerce,Pro,12,1143.3,16,0,3.2,23,1,39.0,0
CLT-2103,2025-05-26,Logistics,Pro,6,906.02,23,2,7.5,11,1,9.0,0
CLT-2104,2024-06-28,Healthcare,Basic,12,410.58,13,4,6.3,4,1,25.0,0
CLT-2105,2024-08-11,Healthcare,Pro,1,849.02,21,2,0.4,12,3,17.0,1
CLT-2106,2025-03-20,Education,Basic,12,313.23,1,2,6.5,35,2,8.0,1
CLT-2107,2024-08-17,SaaS,Basic,12,386.43,1,4,1.8,55,1,0.0,1
CLT-2108,2023-10-24,Healthcare,Enterprise,6,2664.33,1,2,6.3,13,1,50.0,0
CLT-2109,2024-04-20,eCommerce,Basic,12,282.23,20,3,2.6,1,1,38.0,0
CLT-2110,2023-08-01,Real Estate,Basic,6,306.34,19,3,4.2,2,1,37.0,0
CLT-2111,2023-10-28,Healthcare,Basic,12,330.13,21,3,3.4,4,1,21.0,0
CLT-2112,2024-09-04,SaaS,Pro,24,1055.15,9,3,9.6,14,1,31.0,0
CLT-2113,2023-05-15,SaaS,Enterprise,6,2608.41,9,3,6.2,6,1,12.0,0
CLT-2114,2024-08-27,Education,Enterprise,12,2646.96,13,1,8.8,22,1,11.0,0
CLT-2115,2024-06-09,SaaS,Basic,12,287.51,26,1,13.7,25,1,73.0,0
CLT-2116,2023-10-05,Education,Basic,12,336.36,28,3,5.1,20,1,52.0,0
CLT-2117,2023-02-10,Finance,Pro,12,838.51,20,1,9.5,2,1,16.0,0
CLT-2118,2024-09-26,Real Estate,Basic,12,396.15,17,3,2.9,10,1,-7.0,1
CLT-2119,2025-01-12,Healthcare,Enterprise,12,3121.05,25,4,8.8,17,2,-13.0,0
CLT-2120,2024-10-19,Education,Pro,6,941.55,12,1,2.6,4,0,14.0,0
CLT-2121,2024-01-14,Finance,Basic,6,374.5,11,9,4.9,7,0,33.0,0
CLT-2122,2024-08-11,SaaS,Pro,24,723.78,13,4,6.6,4,4,33.0,0
CLT-2123,2024-01-09,Finance,Basic,1,302.01,6,5,7.1,1,3,34.0,0
CLT-2124,2023-11-19,Finance,Basic,12,319.25,13,2,1.2,10,0,38.0,0
CLT-2125,2023-10-22,SaaS,Pro,6,973.69,5,4,2.4,5,2,4.0,0
CLT-2126,2023-07-09,SaaS,Pro,12,1124.31,22,3,6.8,7,1,68.0,1
CLT-2127,2025-05-22,Education,Pro,12,1239.92,18,3,3.9,1,1,25.0,0
CLT-2128,2024-08-22,SaaS,Pro,12,925.2,25,1,0.8,5,4,37.0,1
CLT-2129,2023-06-07,Logistics,Enterprise,6,2525.9,1,1,4.8,13,0,14.0,0
CLT-2130,2025-02-17,SaaS,Enterprise,12,2915.77,29,2,4.6,24,0,38.0,0
CLT-2131,2023-05-17,Logistics,Pro,24,871.88,1,4,5.5,16,1,82.0,1
CLT-2132,2024-06-18,eCommerce,Basic,12,265.44,4,3,6.6,13,0,5.0,0
CLT-2133,2023-05-29,SaaS,Pro,12,1239.23,9,5,6.4,4,2,2.0,1
CLT-2134,2023-11-22,SaaS,Enterprise,12,3214.29,24,4,2.7,2,3,8.0,0
CLT-2135,2024-08-15,eCommerce,Basic,6,412.53,16,3,3.8,5,3,22.0,0
CLT-2136,2025-06-18,Real Estate,Basic,12,279.21,12,0,7.8,2,1,17.0,0
CLT-2137,2025-06-11,SaaS,Basic,6,243.21,8,0,3.4,14,0,4.0,1
CLT-2138,2025-03-17,Education,Basic,6,318.71,3,6,3.8,34,1,29.0,0
CLT-2139,2023-07-31,Logistics,Pro,12,1224.15,23,4,0.5,19,2,69.0,0
CLT-2140,2023-03-26,Healthcare,Basic,24,264.9,20,3,4.9,8,3,26.0,0
CLT-2141,2025-03-26,Finance,Pro,24,783.28,25,8,6.0,5,1,28.0,1
CLT-2142,2025-04-10,Logistics,Pro,24,757.23,17,2,0.0,10,1,39.0,1
CLT-2143,2023-09-08,Logistics,Pro,12,1133.11,1,1,1.8,4,0,46.0,0
CLT-2144,2023-01-18,eCommerce,Basic,6,381.47,4,3,0.7,34,1,64.0,0
CLT-2145,2024-08-06,Logistics,Basic,12,365.17,18,4,7.4,41,3,36.0,1
CLT-2146,2023-03-10,Real Estate,Pro,24,748.78,11,2,0.0,12,3,30.0,0
CLT-2147,2023-02-06,Finance,Pro,12,1110.58,10,4,4.8,13,1,5.0,0
CLT-2148,2025-04-23,Real Estate,Basic,12,320.75,5,3,7.2,24,5,48.0,1
CLT-2149,2024-03-22,Logistics,Enterprise,12,2236.84,22,6,5.6,10,2,9.0,0
CLT-2150,2023-04-11,Healthcare,Basic,12,293.12,18,3,3.7,2,1,8.0,0
CLT-2151,2024-08-12,SaaS,Enterprise,24,2751.72,18,4,6.0,19,3,35.0,1
CLT-2152,2023-11-29,SaaS,Basic,12,299.34,9,0,8.1,5,1,69.0,1
CLT-2153,2024-04-27,Finance,Basic,12,414.55,15,4,4.7,9,2,48.0,0
CLT-2154,2025-03-19,Education,Pro,6,976.36,3,3,0.0,14,2,29.0,0
CLT-2155,2023-08-03,Healthcare,Basic,12,306.99,13,4,8.4,1,0,5.0,1
CLT-2156,2024-08-04,Logistics,Basic,6,361.17,1,3,6.2,21,1,68.0,0
CLT-2157,2025-01-15,SaaS,Basic,24,357.1,1,1,4.9,48,1,29.0,0
CLT-2158,2024-01-17,SaaS,Basic,12,240.44,11,3,0.0,3,1,23.0,0
CLT-2159,2025-05-23,Real Estate,Pro,12,1053.98,33,2,4.1,15,2,44.0,0
CLT-2160,2024-02-08,Logistics,Basic,6,283.88,1,2,2.4,29,2,19.0,1
CLT-2161,2024-02-18,Finance,Pro,12,922.63,4,1,1.4,2,2,11.0,0
CLT-2162,2025-03-06,Education,Pro,12,1101.43,16,1,4.6,0,1,14.0,0
CLT-2163,2024-07-26,eCommerce,Basic,1,340.33,28,4,3.4,2,2,14.0,1
CLT-2164,2025-02-20,Education,Basic,24,306.36,16,5,3.6,25,1,2.0,1
CLT-2165,2024-12-12,Real Estate,Enterprise,6,2251.12,20,3,7.2,25,0,-1.0,0
CLT-2166,2024-10-03,Education,Pro,12,992.96,11,7,5.8,43,0,54.0,1
CLT-2167,2023-08-06,eCommerce,Pro,6,892.46,10,2,3.5,5,2,47.0,0
CLT-2168,2023-12-25,SaaS,Pro,12,1212.98,15,3,3.1,8,0,9.0,0
CLT-2169,2025-02-17,SaaS,Basic,12,336.18,9,4,3.6,7,2,52.0,0
CLT-2170,2024-07-08,Finance,Basic,24,395.87,20,2,4.3,4,1,38.0,0
CLT-2171,2023-09-10,SaaS,Pro,1,930.7,1,2,6.8,33,0,22.0,1
CLT-2172,2023-10-22,Finance,Basic,24,388.94,21,1,1.9,21,0,-1.0,0
CLT-2173,2024-11-29,Education,Pro,12,750.53,14,3,9.4,16,1,39.0,0
CLT-2174,2023-06-10,eCommerce,Pro,6,880.98,12,4,6.8,8,2,77.0,0
CLT-2175,2023-04-11,Finance,Pro,6,762.22,1,2,0.0,6,4,30.0,0
CLT-2176,2024-11-19,eCommerce,Basic,6,245.7,6,3,5.3,3,1,55.0,0
CLT-2177,2023-09-17,eCommerce,Basic,24,405.4,24,2,8.1,7,0,25.0,0
CLT-2178,2024-11-19,Logistics,Basic,6,369.04,12,2,6.2,61,2,53.0,1
CLT-2179,2024-04-25,Healthcare,Basic,12,352.52,16,3,3.8,4,1,26.0,0
CLT-2180,2025-06-17,Healthcare,Pro,12,1007.55,7,4,4.8,2,1,-30.0,0
CLT-2181,2024-04-17,eCommerce,Basic,24,342.52,14,6,5.5,1,1,12.0,0
CLT-2182,2025-02-19,Logistics,Basic,12,354.96,3,1,7.3,5,2,33.0,0
CLT-2183,2025-02-04,SaaS,Basic,12,388.78,15,3,0.8,55,2,57.0,1
CLT-2184,2023-07-10,eCommerce,Basic,6,347.44,17,2,3.2,3,2,26.0,0
CLT-2185,2025-06-15,Real Estate,Pro,24,1124.23,17,5,9.9,1,1,31.0,0
CLT-2186,2024-11-02,Real Estate,Basic,6,290.58,7,3,5.1,18,0,15.0,0
CLT-2187,2023-04-07,Logistics,Enterprise,1,3465.14,11,3,9.6,3,1,69.0,0
CLT-2188,2023-01-06,eCommerce,Basic,24,245.74,18,5,14.0,15,1,68.0,0
CLT-2189,2023-09-02,Logistics,Pro,6,928.75,12,1,3.5,5,0,13.0,0
CLT-2190,2023-01-15,Education,Basic,1,398.77,12,6,1.4,3,2,-8.0,0
CLT-2191,2023-11-18,Healthcare,Basic,12,272.49,29,4,4.2,15,0,-15.0,0
CLT-2192,2025-06-15,eCommerce,Enterprise,6,2212.01,6,3,8.3,3,1,45.0,0
CLT-2193,2024-03-07,Real Estate,Enterprise,1,2548.15,23,6,8.7,5,0,33.0,0
CLT-2194,2023-01-22,Logistics,Enterprise,12,2642.29,5,3,11.8,28,1,10.0,1
CLT-2195,2024-03-20,SaaS,Basic,12,408.01,19,3,4.9,22,3,37.0,1
CLT-2196,2023-07-17,Real Estate,Basic,12,390.5,20,4,6.5,0,1,-1.0,1
CLT-2197,2025-02-09,eCommerce,Pro,6,970.61,10,0,2.9,0,0,50.0,0
CLT-2198,2023-03-23,Real Estate,Basic,12,415.14,4,3,0.0,3,1,20.0,0
CLT-2199,2024-11-24,Finance,Pro,12,1066.83,1,5,4.9,32,1,3.0,1
CLT-2200,2024-02-06,Real Estate,Pro,6,1191.78,9,5,1.5,17,0,21.0,0
CLT-2201,2023-01-17,Education,Pro,6,852.87,18,5,6.9,4,0,20.0,0
CLT-2202,2024-08-28,Healthcare,Pro,1,984.04,5,4,0.0,7,1,39.0,1
CLT-2203,2024-02-14,Finance,Pro,12,736.05,15,8,2.8,15,2,59.0,0
CLT-2204,2024-11-25,Education,Basic,6,241.6,2,4,5.8,15,1,58.0,0
CLT-2205,2024-07-10,Finance,Basic,12,366.98,12,2,6.1,2,1,34.0,0
CLT-2206,2024-12-09,Education,Pro,24,783.88,5,3,4.9,8,1,25.0,1
CLT-2207,2024-02-19,Logistics,Basic,6,338.61,13,2,10.6,6,1,16.0,0
CLT-2208,2023-01-08,Real Estate,Basic,12,365.28,10,1,9.7,12,0,-14.0,0
CLT-2209,2023-04-28,Finance,Basic,6,245.8,4,4,2.9,6,0,30.0,0
CLT-2210,2024-02-18,Education,Pro,1,962.32,9,7,9.8,8,2,9.0,0
CLT-2211,2023-12-24,Healthcare,Pro,12,1089.44,7,3,,30,2,60.0,0
CLT-2212,2024-12-15,SaaS,Pro,12,1200.45,3,1,4.6,7,2,25.0,0
CLT-2213,2024-01-06,SaaS,Basic,24,293.86,23,7,5.1,19,0,49.0,0
CLT-2214,2025-02-13,eCommerce,Basic,12,415.36,11,5,4.8,16,1,18.0,1
CLT-2215,2023-06-18,SaaS,Pro,6,1176.05,1,3,3.1,1,1,13.0,0
CLT-2216,2023-12-13,eCommerce,Basic,12,357.11,9,2,3.4,19,3,45.0,1
CLT-2217,2024-11-11,SaaS,Pro,6,931.64,21,4,9.0,17,2,37.0,0
CLT-2218,2023-04-22,Finance,Pro,24,1104.0,8,4,6.3,14,1,38.0,0
CLT-2219,2023-10-17,SaaS,Basic,12,386.91,26,2,3.3,30,2,28.0,1
CLT-2220,2024-11-07,Logistics,Basic,6,294.59,7,4,2.2,25,1,50.0,1
CLT-2221,2024-06-14,Healthcare,Basic,12,418.71,18,1,2.7,19,2,46.0,0
CLT-2222,2024-12-01,eCommerce,Enterprise,12,3362.93,22,1,,20,1,-24.0,0
CLT-2223,2024-04-09,Logistics,Pro,12,982.17,18,3,7.7,1,0,24.0,0
CLT-2224,2025-02-12,Finance,Basic,1,370.11,3,4,2.4,46,1,55.0,1
CLT-2225,2025-02-28,Education,Enterprise,1,2786.01,6,5,7.7,8,0,5.0,0
CLT-2226,2025-05-27,Finance,Basic,1,376.97,23,4,5.6,51,0,-12.0,1
CLT-2227,2023-04-20,Logistics,Basic,6,388.86,8,7,5.4,64,1,27.0,1
CLT-2228,2024-06-16,Logistics,Enterprise,12,2034.83,22,3,8.1,1,1,43.0,0
CLT-2229,2023-04-13,eCommerce,Basic,1,254.24,11,4,7.5,1,1,18.0,1
CLT-2230,2023-07-26,Education,Basic,12,300.56,15,1,0.8,14,4,62.0,0
CLT-2231,2023-09-28,Education,Pro,12,1215.51,3,4,1.7,15,0,76.0,0
CLT-2232,2024-08-04,eCommerce,Basic,1,311.69,9,2,4.3,24,1,-18.0,0
CLT-2233,2024-01-24,Healthcare,Pro,24,1199.26,7,2,6.1,26,1,20.0,0
CLT-2234,2025-02-17,Logistics,Basic,12,323.24,16,6,9.1,14,1,-27.0,0
CLT-2235,2023-09-26,SaaS,Basic,6,291.99,15,1,5.2,4,2,47.0,0
CLT-2236,2024-07-09,Education,Basic,12,402.12,18,2,10.1,1,0,13.0,0
CLT-2237,2024-11-17,eCommerce,Basic,6,340.92,10,3,2.9,3,0,18.0,0
CLT-2238,2025-06-01,SaaS,Basic,24,304.89,7,3,3.4,19,1,59.0,1
CLT-2239,2023-08-09,Healthcare,Basic,12,247.99,15,3,4.1,31,4,-3.0,1
CLT-2240,2024-10-22,Education,Enterprise,12,2166.4,6,3,2.5,9,2,-9.0,0
CLT-2241,2023-03-18,eCommerce,Basic,24,265.08,23,3,8.5,4,2,-27.0,1
CLT-2242,2024-05-04,Real Estate,Basic,12,305.67,13,3,0.0,0,1,62.0,0
CLT-2243,2024-01-08,Education,Basic,12,349.32,11,7,3.5,6,0,56.0,1
CLT-2244,2025-05-12,SaaS,Basic,6,295.37,18,1,8.4,21,0,23.0,0
CLT-2245,2024-11-27,Education,Basic,6,251.79,13,5,4.1,1,1,-2.0,1
CLT-2246,2025-04-14,Healthcare,Pro,12,863.0,1,5,8.2,13,0,51.0,0
CLT-2247,2025-02-04,Logistics,Basic,12,313.56,6,9,11.6,2,1,99.0,0
CLT-2248,2024-01-05,eCommerce,Enterprise,12,3488.4,22,0,5.2,7,1,24.0,0
CLT-2249,2024-10-22,SaaS,Enterprise,12,2589.48,15,4,8.5,4,0,0.0,0
CLT-2250,2023-01-28,Education,Basic,6,256.06,1,3,12.3,2,0,61.0,0
CLT-2251,2024-05-17,Education,Basic,6,344.6,17,5,6.2,5,0,2.0,0
CLT-2252,2023-02-12,Finance,Basic,12,405.54,10,2,4.9,9,2,21.0,0
CLT-2253,2024-10-13,Logistics,Pro,6,1144.82,7,1,7.7,1,0,-36.0,0
CLT-2254,2025-05-20,Real Estate,Basic,12,390.52,5,2,8.6,3,0,22.0,0
CLT-2255,2024-09-05,eCommerce,Enterprise,12,3392.35,22,3,4.9,3,1,-2.0,0
CLT-2256,2025-01-25,Healthcare,Pro,12,1063.73,1,0,3.5,0,2,61.0,0
CLT-2257,2023-07-30,Logistics,Pro,12,1257.26,7,3,10.2,4,2,,0
CLT-2258,2025-06-13,Healthcare,Pro,12,737.97,15,0,4.2,4,1,49.0,0
CLT-2259,2024-05-10,Real Estate,Enterprise,12,3252.26,27,2,8.6,5,0,27.0,0
CLT-2260,2024-08-30,eCommerce,Basic,6,394.26,18,4,5.8,0,1,33.0,0
CLT-2261,2024-11-24,Real Estate,Basic,12,405.01,7,3,10.5,10,0,43.0,0
CLT-2262,2024-07-29,eCommerce,Basic,12,326.07,26,3,2.5,11,2,29.0,0
CLT-2263,2023-10-13,SaaS,Enterprise,6,3181.63,3,1,2.4,12,1,14.0,0
CLT-2264,2024-07-04,SaaS,Pro,12,825.34,16,0,7.6,4,1,10.0,0
CLT-2265,2024-08-11,Real Estate,Pro,24,1045.69,18,2,1.6,10,2,43.0,0
CLT-2266,2025-02-10,Healthcare,Basic,6,304.56,7,6,5.3,9,0,-18.0,0
CLT-2267,2024-03-09,SaaS,Enterprise,12,2894.26,20,0,9.6,2,1,72.0,0
CLT-2268,2024-03-27,Real Estate,Basic,24,361.6,10,1,0.0,5,3,33.0,0
CLT-2269,2024-03-28,eCommerce,Basic,24,302.47,20,2,6.2,8,2,22.0,0
CLT-2270,2023-04-13,SaaS,Enterprise,12,2324.36,1,5,8.6,6,1,37.0,0
CLT-2271,2023-03-23,SaaS,Basic,12,297.9,17,2,4.9,7,0,15.0,0
CLT-2272,2023-01-19,Real Estate,Basic,24,359.51,11,4,2.2,7,1,26.0,0
CLT-2273,2024-08-22,Finance,Pro,12,1085.51,23,5,4.2,5,1,2.0,0
CLT-2274,2024-01-12,eCommerce,Basic,1,373.44,14,3,2.5,17,1,39.0,1
CLT-2275,2025-02-18,eCommerce,Basic,1,262.78,24,3,5.2,12,2,28.0,0
CLT-2276,2024-09-24,eCommerce,Basic,12,387.33,18,2,4.2,1,1,35.0,0
CLT-2277,2023-05-08,Healthcare,Basic,12,363.87,13,2,3.5,6,3,67.0,0
CLT-2278,2023-04-01,Education,Enterprise,6,2045.76,20,1,6.4,8,1,10.0,0
CLT-2279,2023-11-26,Healthcare,Pro,6,901.22,20,4,9.7,40,0,27.0,0
CLT-2280,2025-04-08,Logistics,Basic,12,324.01,18,2,6.0,9,0,-11.0,0
CLT-2281,2023-02-13,Finance,Basic,12,304.91,1,4,9.0,8,2,44.0,0
CLT-2282,2023-06-18,Finance,Basic,24,261.14,6,5,9.7,23,1,30.0,0
CLT-2283,2023-01-27,Real Estate,Pro,12,831.97,25,2,3.2,9,5,30.0,0
CLT-2284,2024-01-08,Logistics,Enterprise,24,2036.84,4,4,5.8,23,2,26.0,0
CLT-2285,2025-06-09,Finance,Enterprise,24,2139.62,21,2,3.7,11,1,16.0,0
CLT-2286,2024-09-07,Education,Basic,6,287.93,20,2,0.6,7,1,92.0,0
CLT-2287,2024-03-20,Healthcare,Basic,12,387.59,8,0,6.1,45,1,31.0,0
CLT-2288,2023-05-10,SaaS,Basic,1,334.79,1,1,1.8,13,0,37.0,1
CLT-2289,2023-11-16,SaaS,Pro,24,949.23,9,2,6.5,13,1,2.0,1
CLT-2290,2024-04-17,Finance,Basic,6,359.19,31,5,0.3,1,1,52.0,0
CLT-2291,2023-09-05,Real Estate,Pro,12,1012.42,7,3,5.5,1,0,27.0,0
CLT-2292,2024-09-26,Healthcare,Pro,12,791.02,8,2,0.3,53,2,41.0,0
CLT-2293,2025-06-01,Healthcare,Basic,6,280.07,6,3,7.0,6,2,53.0,1
CLT-2294,2023-07-05,eCommerce,Basic,12,280.05,24,5,3.8,2,1,27.0,1
CLT-2295,2023-08-16,Education,Basic,1,347.99,12,5,3.5,2,4,13.0,0
CLT-2296,2023-04-24,Logistics,Basic,12,323.09,9,4,8.4,1,4,-28.0,0
CLT-2297,2024-10-15,Finance,Basic,12,309.77,25,1,4.0,30,0,20.0,0
CLT-2298,2024-02-20,Healthcare,Pro,6,1020.59,19,0,5.3,7,0,13.0,0
CLT-2299,2023-09-13,Real Estate,Basic,12,414.62,7,1,4.4,2,2,1.0,0
CLT-2300,2023-07-17,SaaS,Basic,24,296.55,4,2,6.5,4,0,66.0,0
CLT-2301,2023-03-05,Finance,Pro,6,1000.91,23,0,8.1,5,1,55.0,0
CLT-2302,2024-03-04,Real Estate,Pro,12,979.4,14,2,7.5,15,1,-16.0,0
CLT-2303,2024-09-06,Real Estate,Basic,24,369.0,2,2,3.6,12,0,34.0,0
CLT-2304,2023-07-31,Healthcare,Pro,12,1114.36,1,4,8.6,24,0,10.0,0
CLT-2305,2023-01-02,eCommerce,Enterprise,1,3093.61,5,0,2.3,2,4,39.0,0
CLT-2306,2024-03-01,Finance,Pro,24,828.82,4,5,2.8,20,2,10.0,1
CLT-2307,2024-08-31,Real Estate,Pro,1,962.51,1,1,4.6,9,1,,1
CLT-2308,2023-11-07,Logistics,Basic,12,386.01,5,4,8.1,4,1,54.0,0
CLT-2309,2023-08-14,SaaS,Enterprise,12,2572.3,7,3,1.5,3,1,50.0,0
CLT-2310,2023-05-19,eCommerce,Basic,12,417.17,10,4,7.7,1,2,68.0,0
CLT-2311,2024-11-02,Education,Enterprise,1,2547.18,28,5,4.8,7,0,25.0,0
CLT-2312,2025-02-14,SaaS,Pro,6,988.74,12,1,3.7,3,2,-6.0,0
CLT-2313,2024-11-23,SaaS,Basic,12,325.41,13,3,8.3,6,1,53.0,0
CLT-2314,2024-04-11,Education,Basic,1,318.06,18,4,2.6,0,0,53.0,0
CLT-2315,2024-10-13,Healthcare,Pro,12,1176.64,12,0,,12,2,46.0,0
CLT-2316,2023-12-24,eCommerce,Pro,12,803.85,17,4,4.5,3,0,11.0,0
CLT-2317,2023-01-23,Real Estate,Basic,12,342.18,16,1,5.4,2,0,3.0,0
CLT-2318,2023-11-27,eCommerce,Pro,6,1054.04,15,3,9.6,7,1,43.0,0
CLT-2319,2024-09-25,SaaS,Enterprise,6,3276.83,36,6,5.5,44,1,8.0,1
CLT-2320,2024-08-05,SaaS,Basic,24,349.66,21,5,8.6,1,1,22.0,0
CLT-2321,2025-06-10,SaaS,Basic,12,412.8,5,2,0.0,9,1,100.0,0
CLT-2322,2025-06-16,eCommerce,Basic,1,396.99,17,2,3.7,3,0,83.0,0
CLT-2323,2023-08-07,Logistics,Pro,6,908.32,8,1,6.2,0,0,50.0,0
CLT-2324,2023-01-09,Healthcare,Basic,6,394.78,18,1,8.2,6,2,13.0,0
CLT-2325,2023-09-04,SaaS,Enterprise,24,3437.72,3,1,7.3,5,1,12.0,0
CLT-2326,2025-02-27,SaaS,Basic,6,286.3,5,8,7.0,6,0,48.0,0
CLT-2327,2025-01-02,Real Estate,Pro,1,1049.51,17,2,8.2,73,0,67.0,0
CLT-2328,2023-03-30,Education,Basic,12,290.72,22,3,6.4,4,0,17.0,0
CLT-2329,2023-05-25,Healthcare,Basic,1,356.92,18,2,0.0,2,0,19.0,0
CLT-2330,2024-05-22,SaaS,Pro,6,770.57,21,5,9.3,8,4,32.0,1
CLT-2331,2024-08-17,eCommerce,Basic,24,372.15,17,3,2.5,1,2,-5.0,0
CLT-2332,2025-06-03,Real Estate,Pro,12,946.7,15,5,5.9,32,2,-4.0,1
CLT-2333,2024-11-10,eCommerce,Enterprise,1,2880.96,10,3,5.5,25,3,1.0,0
CLT-2334,2023-07-10,Finance,Enterprise,12,2038.79,21,2,5.1,7,1,44.0,1
CLT-2335,2023-02-03,Education,Enterprise,6,3043.16,22,3,1.7,10,1,37.0,0
CLT-2336,2024-07-24,Healthcare,Basic,1,329.28,13,6,0.0,5,0,58.0,1
CLT-2337,2024-05-13,Finance,Pro,12,1057.64,13,4,2.0,8,1,-13.0,0
CLT-2338,2025-04-09,Healthcare,Enterprise,12,2473.5,27,5,7.5,11,2,-8.0,1
CLT-2339,2024-06-02,SaaS,Basic,12,266.25,14,5,0.7,19,2,41.0,0
CLT-2340,2024-03-27,Finance,Basic,24,318.38,15,2,2.4,7,1,8.0,1
CLT-2341,2023-10-01,Finance,Pro,6,1229.75,18,2,6.3,3,0,10.0,0
CLT-2342,2023-03-19,Healthcare,Basic,24,281.0,13,2,1.9,1,1,55.0,1
CLT-2343,2025-02-27,Logistics,Pro,12,1084.95,7,4,3.4,4,1,16.0,1
CLT-2344,2025-01-13,eCommerce,Enterprise,6,2074.77,17,1,5.2,31,2,19.0,0
CLT-2345,2023-05-27,Logistics,Pro,12,1107.77,14,5,5.8,16,1,24.0,1
CLT-2346,2024-09-25,Logistics,Basic,1,282.92,29,3,1.9,40,2,25.0,1
CLT-2347,2023-11-24,Logistics,Basic,12,321.27,20,4,5.4,16,2,47.0,1
CLT-2348,2024-01-29,Real Estate,Basic,12,306.2,9,5,6.2,40,2,0.0,0
CLT-2349,2025-02-02,Logistics,Basic,6,260.31,20,4,1.2,12,0,25.0,0
CLT-2350,2025-01-27,Real Estate,Pro,24,906.61,16,0,5.6,10,2,59.0,0
CLT-2351,2023-06-21,Education,Pro,6,909.07,24,4,2.9,102,1,83.0,1
CLT-2352,2023-10-04,eCommerce,Basic,12,333.98,10,5,5.4,12,1,-4.0,0
CLT-2353,2025-01-09,Real Estate,Basic,1,415.02,16,2,7.2,20,2,38.0,1
CLT-2354,2025-04-05,Healthcare,Enterprise,6,2705.03,13,4,4.5,2,4,25.0,0
CLT-2355,2023-03-13,Real Estate,Basic,6,404.6,14,3,7.7,9,1,28.0,0
CLT-2356,2025-01-20,SaaS,Pro,24,969.24,7,0,7.4,3,0,10.0,1
CLT-2357,2024-03-16,Healthcare,Basic,1,259.36,19,1,7.7,5,1,49.0,0
CLT-2358,2024-06-15,Finance,Pro,24,844.28,17,2,6.2,7,1,48.0,0
CLT-2359,2023-03-09,SaaS,Basic,6,313.35,24,1,8.3,7,2,93.0,0
CLT-2360,2024-09-04,Logistics,Pro,12,895.7,14,1,6.2,18,1,-3.0,0
CLT-2361,2024-09-02,Logistics,Basic,6,395.85,11,1,0.0,24,0,-14.0,0
CLT-2362,2024-08-19,Real Estate,Pro,1,1086.47,20,3,2.6,6,1,81.0,0
CLT-2363,2024-12-12,SaaS,Basic,24,344.1,8,2,4.4,3,0,29.0,0
CLT-2364,2025-05-01,SaaS,Basic,12,328.42,23,8,4.7,25,1,19.0,1
CLT-2365,2025-02-03,eCommerce,Pro,12,934.53,23,1,6.1,9,3,35.0,0
CLT-2366,2024-11-01,SaaS,Basic,12,350.19,24,3,2.6,49,2,-5.0,1
CLT-2367,2025-06-02,SaaS,Basic,12,262.43,17,1,11.0,23,3,39.0,0
CLT-2368,2024-08-30,eCommerce,Basic,12,269.26,10,3,4.7,6,3,28.0,0
CLT-2369,2024-08-27,eCommerce,Basic,24,294.56,15,1,5.0,30,0,57.0,1
CLT-2370,2024-05-02,Education,Basic,12,270.81,17,4,3.0,24,3,51.0,0
CLT-2371,2024-11-23,Logistics,Enterprise,12,3015.65,10,6,2.0,3,0,54.0,0
CLT-2372,2023-03-06,SaaS,Basic,12,244.46,25,2,4.6,1,2,35.0,1
CLT-2373,2024-03-31,Logistics,Pro,12,806.5,19,4,5.1,8,1,70.0,0
CLT-2374,2024-01-18,SaaS,Enterprise,12,3353.91,7,4,4.7,23,0,44.0,1
CLT-2375,2025-04-01,Healthcare,Basic,12,419.56,29,3,10.0,7,0,17.0,0
CLT-2376,2023-03-07,SaaS,Pro,12,983.3,15,3,4.6,7,0,10.0,0
CLT-2377,2024-08-02,SaaS,Enterprise,12,2743.06,5,4,4.7,3,1,13.0,0
CLT-2378,2023-06-15,SaaS,Pro,24,1137.64,7,6,7.4,0,1,45.0,0
CLT-2379,2025-03-06,Real Estate,Basic,24,246.51,26,1,4.5,4,2,-3.0,0
CLT-2380,2025-02-05,Real Estate,Basic,12,316.86,29,4,6.6,45,3,34.0,1
CLT-2381,2023-07-31,Healthcare,Basic,12,257.97,22,1,1.2,3,1,,0
CLT-2382,2025-02-23,Logistics,Pro,12,936.5,25,3,1.2,4,1,-1.0,1
CLT-2383,2024-03-23,Education,Enterprise,6,3475.73,24,2,5.4,18,2,3.0,0
CLT-2384,2025-05-23,Education,Enterprise,12,3130.45,18,3,4.3,11,2,29.0,0
CLT-2385,2024-10-18,Logistics,Basic,6,417.31,17,4,2.6,4,2,49.0,0
CLT-2386,2023-02-01,Real Estate,Pro,1,1122.87,18,4,5.4,17,0,13.0,0
CLT-2387,2023-07-02,Real Estate,Basic,24,349.46,20,1,5.6,14,0,-22.0,0
CLT-2388,2023-12-30,eCommerce,Enterprise,24,3131.33,8,4,2.9,3,0,100.0,0
CLT-2389,2023-07-10,Real Estate,Basic,12,358.64,20,1,3.4,21,1,58.0,0
CLT-2390,2023-04-30,SaaS,Enterprise,6,2696.1,26,4,5.6,5,4,53.0,1
CLT-2391,2025-05-30,Finance,Pro,12,877.98,12,1,1.9,18,3,71.0,0
CLT-2392,2025-02-21,Healthcare,Basic,12,333.63,11,4,3.2,2,0,32.0,0
CLT-2393,2024-01-27,Education,Basic,12,286.53,18,4,6.6,6,1,27.0,0
CLT-2394,2023-07-13,Finance,Pro,24,982.81,9,5,4.9,44,1,64.0,0
CLT-2395,2023-06-13,Real Estate,Basic,6,266.3,3,2,3.6,19,1,64.0,0
CLT-2396,2025-04-04,Finance,Pro,6,1025.31,23,1,2.3,4,0,45.0,0
CLT-2397,2023-10-26,Real Estate,Enterprise,6,2367.93,10,0,2.0,4,1,52.0,0
CLT-2398,2023-01-12,SaaS,Pro,1,878.55,14,5,4.6,18,1,-1.0,1
CLT-2399,2023-12-24,SaaS,Basic,6,329.83,9,1,11.1,9,2,24.0,0
CLT-2400,2024-02-13,SaaS,Basic,1,269.25,24,3,6.7,0,5,73.0,1
CLT-2401,2024-07-14,Finance,Basic,1,413.23,21,2,1.0,4,0,50.0,0
CLT-2402,2023-11-01,Real Estate,Enterprise,6,2670.42,12,2,7.1,4,0,-7.0,0
CLT-2403,2025-04-10,Healthcare,Basic,6,303.41,5,1,2.7,3,2,17.0,1
CLT-2404,2024-08-02,Real Estate,Basic,12,245.26,11,4,5.0,31,2,69.0,1
CLT-2405,2025-06-06,eCommerce,Basic,1,391.79,19,5,3.2,20,0,41.0,0
CLT-2406,2023-11-27,Finance,Enterprise,24,2938.75,16,3,11.1,1,0,35.0,0
CLT-2407,2024-08-09,Finance,Basic,6,314.95,15,1,1.6,12,0,35.0,0
CLT-2408,2023-11-25,SaaS,Enterprise,1,2368.3,16,3,5.9,29,1,28.0,0
CLT-2409,2024-09-21,Education,Pro,1,1122.37,20,1,2.9,4,1,17.0,1
CLT-2410,2024-11-02,Healthcare,Pro,12,1230.56,14,2,7.2,12,1,9.0,1
CLT-2411,2023-10-17,SaaS,Enterprise,6,2571.21,18,8,5.9,64,1,55.0,1
CLT-2412,2025-04-23,Finance,Pro,12,792.83,6,3,8.8,23,2,36.0,0
CLT-2413,2025-02-10,SaaS,Enterprise,1,2163.79,34,1,7.2,1,1,48.0,0
CLT-2414,2025-03-16,eCommerce,Basic,24,241.15,12,4,2.9,4,2,44.0,0
CLT-2415,2023-07-16,SaaS,Pro,1,1121.74,16,5,13.7,40,1,65.0,0
CLT-2416,2024-10-08,Real Estate,Pro,12,1249.95,19,3,6.7,21,1,41.0,0
CLT-2417,2023-04-06,Logistics,Pro,24,1256.12,11,5,3.3,1,2,51.0,1
CLT-2418,2023-04-05,Healthcare,Enterprise,6,3176.3,14,3,5.6,3,1,34.0,0
CLT-2419,2025-05-25,SaaS,Enterprise,6,2243.28,14,6,6.9,14,2,6.0,0
CLT-2420,2023-05-18,SaaS,Pro,12,1247.96,7,2,6.8,4,0,24.0,0
CLT-2421,2025-02-16,Finance,Basic,6,299.01,18,1,6.5,29,2,45.0,0
CLT-2422,2024-01-23,Education,Basic,1,300.05,1,3,7.9,6,3,47.0,0
CLT-2423,2023-10-01,Finance,Basic,12,363.72,28,5,7.6,32,1,66.0,0
CLT-2424,2023-03-08,Real Estate,Basic,1,248.83,20,4,2.5,2,0,19.0,0
CLT-2425,2024-08-30,Real Estate,Basic,24,388.64,19,5,11.3,24,0,36.0,0
CLT-2426,2024-10-11,Education,Basic,12,419.51,1,4,10.9,12,0,27.0,0
CLT-2427,2024-02-25,Logistics,Basic,12,379.51,8,2,7.4,6,1,71.0,0
CLT-2428,2024-12-29,Real Estate,Pro,6,1142.11,25,1,5.1,5,0,39.0,0
CLT-2429,2023-10-18,Healthcare,Basic,12,310.26,47,0,5.2,28,2,40.0,1
CLT-2430,2024-05-11,Real Estate,Enterprise,12,2098.88,24,2,4.0,30,1,29.0,0
CLT-2431,2023-09-16,SaaS,Pro,1,1148.04,22,1,4.4,13,2,24.0,0
CLT-2432,2024-06-08,eCommerce,Basic,24,347.49,18,1,0.0,15,0,-6.0,0
CLT-2433,2023-05-03,Education,Basic,12,403.68,7,3,9.6,24,1,-2.0,1
CLT-2434,2024-03-04,Finance,Basic,12,260.87,22,4,8.5,10,0,34.0,1
CLT-2435,2024-05-09,SaaS,Enterprise,6,2457.68,5,2,0.0,5,0,31.0,0
CLT-2436,2024-05-15,SaaS,Basic,1,304.92,4,4,7.7,8,4,35.0,0
CLT-2437,2024-02-06,SaaS,Pro,12,1088.97,4,6,5.0,2,0,54.0,0
CLT-2438,2024-08-02,Education,Enterprise,12,3181.62,22,3,4.4,33,1,32.0,1
CLT-2439,2024-04-05,Healthcare,Enterprise,6,3441.53,14,1,6.5,16,4,21.0,1
CLT-2440,2023-09-12,Healthcare,Basic,1,293.17,15,1,0.0,7,1,25.0,0
CLT-2441,2023-07-13,SaaS,Basic,12,328.85,14,4,5.0,12,0,36.0,1
CLT-2442,2024-08-05,Finance,Basic,6,245.21,5,2,5.2,2,1,20.0,0
CLT-2443,2025-04-24,Real Estate,Basic,6,285.54,9,2,5.2,1,0,57.0,0
CLT-2444,2024-11-08,Education,Basic,12,307.32,9,2,0.9,10,1,30.0,0
CLT-2445,2024-07-28,Logistics,Pro,1,1040.66,3,4,6.3,9,2,36.0,0
CLT-2446,2025-04-09,SaaS,Enterprise,1,2706.27,10,6,8.2,1,1,10.0,1
CLT-2447,2025-03-20,Education,Pro,1,916.82,5,4,6.2,2,1,57.0,0
CLT-2448,2024-03-31,Real Estate,Pro,24,1057.0,19,4,4.3,3,2,66.0,1
CLT-2449,2023-04-09,Logistics,Basic,6,389.15,19,4,13.1,21,1,-4.0,0
CLT-2450,2024-07-24,eCommerce,Pro,12,850.51,4,1,2.2,2,3,40.0,0
CLT-2451,2024-07-14,Education,Pro,24,905.15,12,3,7.3,8,1,27.0,0
CLT-2452,2023-09-07,Finance,Enterprise,12,3057.39,29,2,5.7,18,2,37.0,1
CLT-2453,2025-02-03,Healthcare,Enterprise,12,3166.91,6,2,11.0,17,0,41.0,0
CLT-2454,2025-02-21,SaaS,Basic,12,388.57,17,5,6.2,5,1,-26.0,0
CLT-2455,2023-10-25,Education,Basic,6,277.68,15,2,6.8,6,1,49.0,0
CLT-2456,2024-03-05,Finance,Basic,12,337.07,23,2,6.5,1,1,58.0,0
CLT-2457,2023-06-25,Real Estate,Basic,24,402.0,16,2,1.8,112,2,61.0,1
CLT-2458,2023-06-10,Logistics,Enterprise,12,2587.93,11,3,2.4,10,2,6.0,0
CLT-2459,2023-08-27,eCommerce,Basic,12,317.38,15,0,4.2,21,1,29.0,1
CLT-2460,2023-11-26,SaaS,Pro,6,1251.8,15,2,7.9,1,1,17.0,0
CLT-2461,2023-09-03,Finance,Pro,24,781.05,13,2,5.7,54,0,-18.0,0
CLT-2462,2023-05-17,Real Estate,Basic,1,367.01,3,6,4.4,1,2,14.0,1
CLT-2463,2024-02-07,eCommerce,Basic,12,393.03,24,3,9.1,2,0,3.0,0
CLT-2464,2024-07-15,Logistics,Pro,6,801.43,23,7,0.0,5,2,38.0,0
CLT-2465,2023-10-21,SaaS,Pro,12,1105.8,6,2,1.1,0,1,-11.0,0
CLT-2466,2024-04-25,SaaS,Basic,12,324.55,12,3,0.0,1,2,6.0,0
CLT-2467,2023-09-02,eCommerce,Basic,12,393.52,12,2,8.6,7,1,17.0,1
CLT-2468,2024-09-25,Real Estate,Pro,6,1210.02,5,4,4.7,3,0,49.0,0
CLT-2469,2024-08-06,Healthcare,Basic,12,397.05,1,2,7.9,12,3,99.0,0
CLT-2470,2025-05-14,eCommerce,Enterprise,6,2096.58,9,1,4.7,20,1,38.0,0
CLT-2471,2023-02-17,Healthcare,Basic,6,376.23,11,7,8.1,1,2,4.0,1
CLT-2472,2025-02-06,Healthcare,Basic,12,405.87,2,2,4.6,5,3,13.0,0
CLT-2473,2023-11-03,Real Estate,Basic,12,351.84,15,4,6.2,12,0,46.0,0
CLT-2474,2023-03-01,Real Estate,Pro,12,1044.47,23,3,5.8,12,1,-4.0,1
CLT-2475,2024-09-12,Finance,Pro,1,744.3,21,2,6.0,21,0,57.0,0
CLT-2476,2023-06-04,Education,Basic,12,394.09,13,2,10.1,1,0,37.0,0
CLT-2477,2023-06-08,Healthcare,Enterprise,24,2069.61,1,3,0.1,18,0,27.0,0
CLT-2478,2025-05-31,Finance,Basic,1,296.43,20,5,4.8,13,3,-12.0,1
CLT-2479,2023-07-18,Real Estate,Basic,12,406.66,15,9,5.6,20,0,53.0,0
CLT-2480,2024-05-07,eCommerce,Basic,12,410.95,17,0,5.1,12,2,11.0,0
CLT-2481,2023-06-30,Healthcare,Basic,24,418.54,29,2,3.8,6,2,34.0,0
CLT-2482,2023-04-22,Education,Pro,12,977.26,7,2,3.4,2,2,26.0,0
CLT-2483,2023-01-01,Education,Basic,12,271.94,1,3,9.6,26,1,-10.0,0
CLT-2484,2023-01-15,Healthcare,Pro,6,983.49,6,3,4.8,3,0,24.0,1
CLT-2485,2024-03-02,eCommerce,Basic,6,258.42,18,2,12.3,8,2,0.0,0
CLT-2486,2024-01-26,eCommerce,Enterprise,24,3308.8,14,3,6.6,7,0,14.0,0
CLT-2487,2023-02-05,SaaS,Basic,24,340.9,4,1,4.1,32,0,41.0,0
CLT-2488,2023-11-11,Logistics,Enterprise,12,2606.76,3,1,6.7,39,0,48.0,0
CLT-2489,2023-09-03,Real Estate,Basic,12,254.32,11,3,5.3,2,1,30.0,0
CLT-2490,2024-05-29,Real Estate,Basic,12,312.94,4,2,9.0,2,2,8.0,0
CLT-2491,2025-06-14,Logistics,Pro,1,1187.74,18,2,1.5,14,1,14.0,0
CLT-2492,2024-09-14,Education,Pro,24,1099.84,11,3,0.0,6,0,13.0,0
CLT-2493,2025-04-06,Education,Pro,12,764.53,9,1,6.1,2,0,-23.0,0
CLT-2494,2023-06-23,SaaS,Basic,12,268.78,8,3,7.5,5,1,32.0,0
CLT-2495,2023-07-13,Logistics,Pro,6,931.85,16,2,5.9,4,0,-12.0,0
CLT-2496,2024-11-06,Finance,Enterprise,6,2152.06,14,2,7.0,14,2,32.0,0
CLT-2497,2023-10-07,Education,Pro,1,1224.38,16,3,6.6,15,0,-6.0,1
CLT-2498,2025-02-02,Healthcare,Basic,12,357.41,15,6,0.6,27,2,0.0,1
CLT-2499,2024-02-22,Healthcare,Pro,12,771.2,13,1,5.8,6,1,47.0,0
CLT-2500,2023-06-30,Finance,Pro,6,1145.55,6,7,9.0,9,2,31.0,0
CLT-2501,2025-01-29,SaaS,Enterprise,12,2552.61,8,2,5.5,16,0,-17.0,0
CLT-2502,2024-05-10,Real Estate,Basic,24,284.08,11,5,1.1,12,3,16.0,1
CLT-2503,2024-12-23,SaaS,Basic,1,342.6,31,2,4.0,5,3,37.0,0
CLT-2504,2024-02-12,Finance,Pro,12,727.22,3,3,6.7,21,0,15.0,0
CLT-2505,2023-04-24,SaaS,Pro,12,971.31,11,6,10.4,9,1,21.0,1
CLT-2506,2024-09-04,SaaS,Pro,6,1175.65,15,4,0.0,13,0,36.0,0
CLT-2507,2023-04-23,Healthcare,Basic,12,407.05,12,3,6.1,2,0,31.0,0
CLT-2508,2024-08-19,eCommerce,Basic,12,301.66,23,3,2.2,24,5,5.0,0
CLT-2509,2024-01-11,Real Estate,Pro,6,1066.92,12,8,6.5,0,3,31.0,0
CLT-2510,2024-12-13,Healthcare,Basic,6,280.83,12,4,6.8,10,2,23.0,1
CLT-2511,2025-02-22,Healthcare,Basic,24,340.84,21,4,4.3,10,1,73.0,0
CLT-2512,2024-01-02,Real Estate,Pro,6,857.17,28,3,6.9,9,0,27.0,0
CLT-2513,2025-03-04,Real Estate,Pro,12,1028.53,25,4,8.4,20,0,,0
CLT-2514,2023-04-10,Finance,Enterprise,12,2257.58,13,7,4.5,17,1,36.0,0
CLT-2515,2023-04-07,Real Estate,Basic,12,409.42,14,1,1.0,9,1,22.0,0
CLT-2516,2025-06-13,Real Estate,Basic,12,399.65,14,3,9.3,4,0,12.0,1
CLT-2517,2024-05-31,Logistics,Enterprise,12,2505.38,15,0,7.5,2,1,41.0,0
CLT-2518,2024-02-10,eCommerce,Basic,12,379.8,7,2,6.7,1,0,42.0,0
CLT-2519,2023-05-21,Logistics,Basic,12,257.19,21,5,2.9,9,0,82.0,0
CLT-2520,2023-09-18,Finance,Basic,6,373.26,16,3,8.0,1,1,49.0,0
CLT-2521,2024-09-09,Healthcare,Pro,6,872.53,14,5,11.1,24,1,49.0,0
CLT-2522,2025-01-09,eCommerce,Enterprise,12,2203.46,4,0,4.6,7,0,48.0,0
CLT-2523,2025-04-04,Healthcare,Pro,1,1086.22,14,2,5.3,17,0,13.0,0
CLT-2524,2024-01-02,eCommerce,Pro,12,973.7,1,3,1.8,44,0,-1.0,1
CLT-2525,2024-02-14,Logistics,Basic,6,335.43,9,1,2.8,12,2,5.0,0
CLT-2526,2023-05-27,Finance,Basic,1,333.7,9,3,1.8,6,1,47.0,0
CLT-2527,2023-03-16,Logistics,Basic,6,250.7,16,4,5.4,4,4,66.0,0
CLT-2528,2024-01-30,SaaS,Basic,12,249.25,29,4,4.0,15,1,48.0,0
CLT-2529,2024-06-05,Healthcare,pro,12,348.21,19,0,6.1,17,1,26.0,1
CLT-2530,2023-04-04,Logistics,Basic,12,352.3,26,2,2.3,3,0,72.0,0
CLT-2531,2024-01-03,Healthcare,Basic,12,248.49,19,1,4.5,1,2,19.0,0
CLT-2532,2024-07-31,Logistics,Pro,24,924.36,23,0,2.1,14,0,1.0,0
CLT-2533,2024-12-30,Logistics,Pro,12,1050.94,29,4,5.6,4,1,36.0,0
CLT-2534,2025-04-24,Healthcare,Basic,1,358.2,8,3,0.1,8,0,62.0,0
CLT-2535,2023-11-03,Logistics,Basic,24,389.09,8,3,5.5,14,1,9.0,0
CLT-2536,2023-12-19,Healthcare,Pro,1,947.2,19,0,4.2,15,0,-13.0,0
CLT-2537,2025-02-26,SaaS,Pro,12,1016.06,14,2,5.5,24,1,31.0,1
CLT-2538,2024-09-15,Healthcare,Pro,12,1032.42,16,1,0.0,46,0,49.0,0
CLT-2539,2023-09-04,Real Estate,Basic,6,296.17,12,4,7.0,12,2,-44.0,1
CLT-2540,2024-09-08,SaaS,Pro,12,749.07,9,5,4.1,5,3,54.0,0
CLT-2541,2023-05-22,Finance,Basic,6,240.76,27,3,5.7,55,1,-4.0,1
CLT-2542,2024-02-09,Real Estate,Basic,1,390.5,5,4,0.0,2,1,48.0,0
CLT-2543,2023-10-03,SaaS,Basic,1,276.04,19,2,1.3,0,0,-20.0,0
CLT-2544,2025-06-12,Finance,Basic,1,353.45,18,2,3.8,12,1,-7.0,0
CLT-2545,2023-02-01,Education,Basic,1,343.87,1,3,9.1,9,1,45.0,0
CLT-2546,2025-02-10,SaaS,Basic,12,311.93,7,1,6.6,13,2,60.0,0
CLT-2547,2023-09-11,eCommerce,Pro,12,1170.09,9,5,5.4,11,3,30.0,1
CLT-2548,2023-02-02,Healthcare,Basic,12,365.71,19,6,2.2,1,0,90.0,0
CLT-2549,2024-08-17,Real Estate,Basic,12,244.09,11,5,1.7,6,1,4.0,0
CLT-2550,2024-09-02,Education,Basic,1,379.8,13,1,5.8,26,1,4.0,0
CLT-2551,2023-05-09,Healthcare,Basic,6,331.26,2,2,7.1,4,2,22.0,0
CLT-2552,2023-02-04,Logistics,Basic,12,302.46,33,3,5.6,27,2,21.0,1
CLT-2553,2023-04-11,SaaS,Basic,24,370.84,15,1,10.1,10,0,37.0,0
CLT-2554,2024-01-03,Logistics,Basic,12,363.49,18,6,3.0,5,1,11.0,1
CLT-2555,2023-04-30,Finance,Pro,1,887.72,10,7,5.5,7,1,44.0,1
CLT-2556,2024-09-24,Real Estate,Enterprise,12,3474.56,9,5,0.0,4,0,44.0,0
CLT-2557,2023-03-11,Real Estate,Basic,24,356.77,29,1,5.6,13,1,70.0,0
CLT-2558,2024-12-11,Healthcare,Pro,12,1047.12,1,3,9.4,5,0,18.0,0
CLT-2559,2025-02-26,Finance,Enterprise,6,2104.82,16,4,1.9,23,0,38.0,0
CLT-2560,2024-10-07,SaaS,Enterprise,1,2418.98,4,1,7.5,2,0,45.0,0
CLT-2561,2025-04-29,Healthcare,Pro,12,961.37,11,4,9.3,14,2,30.0,0
CLT-2562,2025-04-25,SaaS,Enterprise,24,2945.94,9,2,2.9,7,0,25.0,0
CLT-2563,2023-02-11,Finance,Enterprise,12,2769.15,6,7,6.4,7,0,-22.0,1
CLT-2564,2023-11-04,Real Estate,Pro,6,1132.04,14,4,9.7,19,1,32.0,1
CLT-2565,2024-11-15,Finance,Basic,12,287.26,1,3,5.7,2,0,45.0,0
CLT-2566,2023-11-02,Logistics,Basic,12,366.39,11,7,7.4,14,1,29.0,0
CLT-2567,2024-10-25,Real Estate,Basic,12,386.99,13,2,0.0,20,2,10.0,0
CLT-2568,2024-11-27,Real Estate,Basic,12,377.71,3,5,6.8,11,0,-12.0,0
CLT-2569,2025-06-16,eCommerce,Basic,6,378.75,26,5,6.6,3,1,41.0,1
CLT-2570,2023-10-24,Real Estate,Basic,6,399.93,9,0,1.0,12,2,31.0,0
CLT-2571,2023-11-10,Logistics,Pro,12,765.46,12,2,2.1,17,2,65.0,1
CLT-2572,2023-01-22,Finance,Pro,12,1096.48,9,2,6.8,1,1,-6.0,0
CLT-2573,2023-09-14,Real Estate,Pro,24,1243.09,13,4,4.1,3,1,18.0,0
CLT-2574,2023-09-10,Finance,Basic,12,343.26,24,4,8.3,13,2,-3.0,0
CLT-2575,2024-02-12,Finance,Basic,6,279.12,34,3,5.9,12,3,56.0,1
CLT-2576,2024-01-15,Real Estate,Pro,6,1259.33,20,2,5.2,14,2,61.0,0
CLT-2577,2025-02-09,Real Estate,Pro,12,814.33,23,2,4.5,0,3,78.0,0
CLT-2578,2024-11-27,SaaS,Enterprise,6,2503.34,28,5,5.9,3,0,43.0,0
CLT-2579,2024-10-17,eCommerce,Enterprise,12,2258.09,16,1,7.4,29,3,50.0,1
CLT-2580,2023-01-05,Finance,Enterprise,6,2696.77,27,4,6.6,4,1,41.0,0
CLT-2581,2024-02-29,SaaS,Basic,6,315.4,20,4,3.7,6,1,44.0,1
CLT-2582,2024-10-18,Healthcare,Basic,12,328.42,15,5,8.7,12,0,31.0,0
CLT-2583,2023-08-09,Logistics,Basic,1,407.04,17,4,7.0,15,0,45.0,0
CLT-2584,2024-01-18,eCommerce,Pro,12,978.3,1,2,6.2,21,0,83.0,0
CLT-2585,2024-10-16,Finance,Enterprise,12,2771.94,16,3,5.3,15,1,35.0,0
CLT-2586,2024-12-16,Logistics,Basic,12,399.6,2,5,6.5,12,1,31.0,0
CLT-2587,2025-02-08,SaaS,Pro,12,1161.59,1,3,0.0,6,1,35.0,1
CLT-2588,2024-01-22,eCommerce,Basic,12,283.15,16,3,5.7,30,2,26.0,0
CLT-2589,2023-12-26,Education,pro,12,242.33,5,3,9.9,4,1,36.0,0
CLT-2590,2023-12-11,Finance,Basic,6,353.31,14,1,5.7,37,3,25.0,1
CLT-2591,2024-08-24,Finance,Basic,6,392.07,15,4,5.3,5,0,59.0,1
CLT-2592,2024-01-13,Education,Enterprise,12,2829.28,15,5,3.2,21,0,56.0,0
CLT-2593,2023-12-27,SaaS,Basic,12,278.01,7,4,6.5,29,0,84.0,0
CLT-2594,2023-06-01,Education,Pro,12,1120.33,21,1,4.4,3,0,29.0,0
CLT-2595,2024-03-06,SaaS,Pro,12,1081.55,13,4,8.9,1,0,37.0,1
CLT-2596,2023-08-02,SaaS,Basic,12,341.71,18,3,2.4,22,1,36.0,0
CLT-2597,2024-04-17,Logistics,Basic,6,395.4,4,1,3.6,9,2,35.0,0
CLT-2598,2025-03-10,Real Estate,Pro,12,1143.49,13,2,3.2,10,2,58.0,0
CLT-2599,2024-11-29,Logistics,Basic,6,360.23,23,1,10.5,6,2,-11.0,1
CLT-2600,2024-03-06,Education,Enterprise,12,2997.14,22,2,4.4,4,3,42.0,0
CLT-2601,2025-05-29,SaaS,Basic,12,359.2,8,1,3.4,3,2,80.0,0
CLT-2602,2025-06-01,Real Estate,Pro,12,1003.59,10,0,0.0,5,1,64.0,0
CLT-2603,2024-02-04,Education,Pro,6,970.52,6,2,2.3,25,0,61.0,0
CLT-2604,2024-11-18,Real Estate,Basic,24,367.73,9,8,6.6,6,2,51.0,0
CLT-2605,2023-11-05,Real Estate,Basic,12,349.89,3,3,6.6,18,4,15.0,0
CLT-2606,2025-03-01,Real Estate,Enterprise,12,2734.97,13,2,3.0,22,1,11.0,0
CLT-2607,2023-12-03,Finance,Basic,24,262.8,19,2,3.2,2,1,11.0,0
CLT-2608,2023-08-21,SaaS,Basic,12,366.35,8,2,10.6,18,2,2.0,0
CLT-2609,2023-05-01,Finance,Basic,12,356.28,13,2,13.1,0,2,54.0,0
CLT-2610,2025-01-28,Education,Basic,6,301.6,12,3,8.4,4,1,67.0,0
CLT-2611,2023-09-25,Education,Pro,6,912.41,22,4,9.7,6,0,41.0,0
CLT-2612,2025-01-01,Healthcare,Pro,6,853.23,9,4,10.3,9,1,50.0,0
CLT-2613,2023-03-19,Real Estate,Basic,1,413.14,9,4,11.6,11,1,37.0,0
CLT-2614,2024-03-26,Healthcare,Pro,12,1184.51,7,3,4.1,2,1,44.0,0
CLT-2615,2024-01-21,eCommerce,Basic,6,340.99,5,3,2.4,0,1,-23.0,0
CLT-2616,2024-01-30,Finance,Basic,12,312.3,18,5,10.5,4,6,,0
CLT-2617,2023-05-31,Real Estate,Pro,6,1117.89,13,0,2.1,6,3,19.0,0
CLT-2618,2023-03-08,Education,Enterprise,1,2791.59,14,1,1.9,6,0,29.0,0
CLT-2619,2023-11-08,SaaS,Basic,24,415.65,24,6,2.0,36,2,36.0,1
CLT-2620,2024-02-28,Education,Basic,12,249.92,25,6,4.6,11,1,12.0,0
CLT-2621,2024-12-15,Logistics,Pro,24,738.51,1,2,0.0,1,3,3.0,0
CLT-2622,2024-02-21,Finance,Pro,12,1027.05,19,0,0.7,6,4,11.0,1
CLT-2623,2023-08-10,SaaS,Basic,1,276.59,16,4,3.1,7,0,-6.0,1
CLT-2624,2023-08-25,Real Estate,Basic,12,348.77,10,4,1.4,19,0,1.0,0
CLT-2625,2024-07-04,Real Estate,Pro,12,1141.97,17,3,8.2,10,0,5.0,0
CLT-2626,2024-01-28,Real Estate,Basic,1,264.86,1,2,5.0,2,0,-6.0,0
CLT-2627,2025-03-22,SaaS,Basic,24,319.31,26,2,6.7,25,0,43.0,0
CLT-2628,2024-01-31,Real Estate,Basic,12,363.96,18,4,6.4,8,0,7.0,1
CLT-2629,2024-05-25,Healthcare,Basic,12,390.1,7,1,4.4,8,1,-17.0,0
CLT-2630,2023-02-27,Logistics,Basic,12,329.34,9,3,8.0,31,1,20.0,0
CLT-2631,2023-06-24,eCommerce,Enterprise,12,2309.23,1,4,6.4,1,0,2.0,0
CLT-2632,2025-02-04,Real Estate,Pro,6,1036.33,11,3,4.0,6,3,66.0,0
CLT-2633,2023-11-07,Logistics,Pro,24,965.44,10,1,0.0,3,2,33.0,1
CLT-2634,2024-01-14,SaaS,Enterprise,12,3157.89,3,2,6.6,1,0,-7.0,0
CLT-2635,2024-06-15,Education,Basic,6,340.0,20,5,1.2,8,3,44.0,0
CLT-2636,2023-02-22,Education,Basic,1,290.3,24,1,6.1,41,3,32.0,0
CLT-2637,2024-03-31,SaaS,Enterprise,12,3131.59,14,1,5.2,9,0,24.0,0
CLT-2638,2023-11-08,SaaS,Basic,24,333.19,12,3,0.9,35,1,69.0,0
CLT-2639,2023-05-14,Education,Pro,24,815.88,17,4,5.8,6,0,6.0,0
CLT-2640,2024-01-12,eCommerce,Pro,12,1024.06,14,2,5.6,13,2,56.0,1
CLT-2641,2024-02-07,Finance,Basic,24,410.7,5,2,5.6,5,1,20.0,0
CLT-2642,2023-06-17,Real Estate,Basic,12,366.99,9,5,5.4,30,0,30.0,0
CLT-2643,2024-05-03,Healthcare,Basic,6,293.78,12,3,,18,0,11.0,1
CLT-2644,2024-11-02,eCommerce,Basic,12,367.96,16,3,6.8,12,1,13.0,0
CLT-2645,2023-08-29,Logistics,Basic,1,290.87,14,3,2.9,14,1,19.0,1
CLT-2646,2025-05-19,SaaS,Basic,6,337.68,16,6,1.8,1,2,-18.0,1
CLT-2647,2024-07-05,Healthcare,Pro,12,1004.36,2,2,7.0,4,1,39.0,0
CLT-2648,2024-11-26,Healthcare,Enterprise,6,2371.09,19,1,7.8,1,3,33.0,0
CLT-2649,2023-03-05,eCommerce,Pro,24,907.86,14,3,6.8,6,1,-7.0,0
CLT-2650,2024-11-21,Healthcare,Basic,24,409.59,34,1,4.4,8,0,46.0,1
CLT-2651,2023-10-30,Real Estate,Basic,6,285.11,11,4,0.0,30,0,66.0,0
CLT-2652,2024-10-01,Logistics,Basic,12,384.18,17,1,9.4,6,2,13.0,0
CLT-2653,2024-12-24,SaaS,Basic,12,360.13,37,6,0.0,6,2,10.0,1
CLT-2654,2023-08-14,Finance,Enterprise,1,2798.94,16,4,6.8,2,0,58.0,0
CLT-2655,2023-08-22,Finance,Basic,6,264.75,13,1,11.3,5,1,40.0,0
CLT-2656,2023-02-23,Logistics,Basic,6,276.82,6,2,5.4,9,0,27.0,0
CLT-2657,2024-06-28,Finance,Pro,6,816.65,26,1,5.9,8,0,50.0,0
CLT-2658,2024-11-27,Healthcare,Basic,6,345.62,5,1,6.1,8,1,37.0,0
CLT-2659,2024-01-05,Education,Basic,1,415.21,17,3,5.6,2,4,66.0,1
CLT-2660,2023-05-25,Education,Basic,6,397.9,10,1,12.1,4,1,30.0,0
CLT-2661,2023-10-12,Real Estate,Pro,24,733.64,12,4,2.5,23,2,41.0,1
CLT-2662,2023-12-29,eCommerce,Pro,1,867.81,3,3,2.1,5,3,57.0,0
CLT-2663,2025-04-04,Real Estate,Basic,6,268.31,25,3,4.0,0,2,-31.0,1
CLT-2664,2023-04-22,Finance,Enterprise,12,3463.52,12,3,10.2,26,1,58.0,0
CLT-2665,2023-11-05,Finance,Enterprise,6,2353.42,4,2,3.3,4,1,17.0,0
CLT-2666,2024-07-28,Real Estate,Pro,12,828.71,24,3,6.3,10,0,42.0,0
CLT-2667,2023-08-02,eCommerce,Basic,1,351.76,10,4,8.2,9,1,72.0,0
CLT-2668,2025-03-07,Education,Basic,12,340.11,17,2,7.3,27,1,22.0,0
CLT-2669,2025-03-29,SaaS,Enterprise,12,2338.78,21,4,8.1,55,2,19.0,0
CLT-2670,2023-12-09,eCommerce,Basic,12,360.67,18,2,9.3,7,0,29.0,0
CLT-2671,2024-11-02,Real Estate,Pro,12,772.38,1,3,5.9,16,1,-6.0,1
CLT-2672,2024-11-11,Finance,Pro,12,730.46,20,8,3.6,12,1,85.0,1
CLT-2673,2024-09-05,Healthcare,Basic,6,254.83,13,2,5.4,15,5,29.0,0
CLT-2674,2023-06-17,Real Estate,Pro,6,917.03,11,8,4.0,5,0,71.0,0
CLT-2675,2023-02-14,Healthcare,Enterprise,12,3462.52,13,4,12.6,66,1,22.0,1
CLT-2676,2023-11-09,Real Estate,Pro,1,1015.51,1,4,3.4,3,2,31.0,0
CLT-2677,2023-04-29,SaaS,Basic,6,375.85,16,1,6.4,13,0,54.0,0
CLT-2678,2023-09-21,Logistics,Enterprise,12,2482.24,3,7,0.5,4,1,2.0,0
CLT-2679,2024-07-28,Logistics,Pro,1,1108.44,12,3,5.4,4,2,27.0,0
CLT-2680,2024-06-13,Healthcare,Pro,1,1241.74,15,3,4.1,13,0,53.0,0
CLT-2681,2023-07-08,eCommerce,Pro,12,913.19,23,2,7.0,1,1,25.0,0
CLT-2682,2023-01-16,Education,Pro,6,1259.49,7,1,7.1,38,2,18.0,0
CLT-2683,2023-07-23,eCommerce,Basic,12,354.91,26,2,9.3,24,2,58.0,0
CLT-2684,2024-02-14,SaaS,Basic,24,374.75,22,3,9.0,18,1,65.0,0
CLT-2685,2024-12-02,SaaS,Basic,24,285.39,11,7,4.8,1,0,69.0,0
CLT-2686,2023-11-25,Finance,Pro,12,1067.27,5,1,2.2,8,2,13.0,0
CLT-2687,2023-09-15,Healthcare,Pro,6,995.94,2,3,2.5,3,2,16.0,0
CLT-2688,2024-05-11,SaaS,Pro,12,1236.46,16,5,5.9,8,4,18.0,1
CLT-2689,2023-03-06,Finance,Basic,12,402.84,8,0,5.5,5,1,48.0,0
CLT-2690,2023-07-22,eCommerce,Pro,12,934.2,24,3,5.8,24,1,0.0,1
CLT-2691,2023-02-02,Healthcare,Enterprise,6,3420.3,9,1,3.4,24,1,1.0,0
CLT-2692,2024-04-18,SaaS,Basic,1,399.27,7,1,9.3,14,1,12.0,0
CLT-2693,2024-02-03,Logistics,Pro,6,1038.81,16,4,0.6,5,1,7.0,1
CLT-2694,2024-06-08,Logistics,Pro,6,764.34,9,0,3.2,13,0,52.0,0
CLT-2695,2024-07-09,Education,Pro,1,806.83,14,7,1.8,11,0,50.0,0
CLT-2696,2023-12-22,eCommerce,Basic,24,253.84,22,3,4.4,4,0,18.0,1
CLT-2697,2025-02-20,Healthcare,Pro,1,778.32,15,1,8.7,3,2,25.0,0
CLT-2698,2025-04-06,Finance,Enterprise,12,3465.43,15,3,4.1,11,1,-33.0,0
CLT-2699,2023-04-10,Education,Pro,24,834.57,16,1,5.3,4,1,19.0,0
CLT-2700,2025-04-08,SaaS,Enterprise,6,3036.28,1,2,7.0,9,3,61.0,0
CLT-2701,2023-06-27,Logistics,Enterprise,12,2954.79,17,7,4.0,39,1,17.0,1
CLT-2702,2023-08-12,Education,Basic,12,353.61,15,1,6.1,14,2,3.0,0
CLT-2703,2024-04-21,Real Estate,Pro,6,831.62,21,0,5.8,8,3,64.0,0
CLT-2704,2023-01-27,Logistics,Basic,12,344.28,19,5,1.6,32,1,2.0,1
CLT-2705,2023-11-24,SaaS,Enterprise,12,2938.31,12,2,3.6,20,2,69.0,0
CLT-2706,2023-06-25,SaaS,Basic,12,342.67,22,6,6.1,1,1,100.0,0
CLT-2707,2024-03-10,SaaS,Basic,12,273.51,12,4,8.8,0,2,27.0,0
CLT-2708,2025-01-03,eCommerce,Enterprise,24,3084.59,16,3,8.8,42,0,61.0,0
CLT-2709,2025-04-11,Finance,Basic,6,253.18,12,5,11.3,7,1,-12.0,0
CLT-2710,2023-07-10,Logistics,Pro,12,1039.25,18,1,6.5,20,2,-13.0,0
CLT-2711,2024-05-05,Education,Basic,12,318.53,11,5,3.8,1,4,10.0,1
CLT-2712,2024-03-02,Healthcare,Enterprise,12,2375.43,27,4,4.8,3,0,51.0,0
CLT-2713,2024-01-09,Finance,Enterprise,12,3211.08,30,3,4.7,2,2,30.0,0
CLT-2714,2024-07-23,eCommerce,Basic,12,271.66,21,2,3.8,8,1,25.0,0
CLT-2715,2025-06-09,Finance,Pro,24,1223.81,26,4,6.1,2,0,-2.0,0
CLT-2716,2023-12-31,SaaS,Basic,6,399.22,2,2,6.3,4,2,27.0,0
CLT-2717,2023-02-28,SaaS,Pro,12,914.72,3,5,1.5,19,1,14.0,1
CLT-2718,2025-04-04,SaaS,Pro,6,884.78,11,3,8.3,36,0,7.0,0
CLT-2719,2025-04-18,Education,Pro,12,794.24,14,2,0.0,7,1,5.0,1
CLT-2720,2023-10-18,eCommerce,Basic,12,404.94,12,4,4.3,6,1,35.0,0
CLT-2721,2024-03-27,Real Estate,Basic,12,352.96,1,2,8.4,11,2,12.0,0
CLT-2722,2025-02-15,Real Estate,Pro,12,737.16,23,2,6.8,15,1,30.0,0
CLT-2723,2024-03-29,Education,Pro,12,995.94,31,2,3.9,5,2,-14.0,0
CLT-2724,2024-03-09,Healthcare,Basic,6,255.44,24,3,10.9,4,1,43.0,0
CLT-2725,2025-04-09,SaaS,Basic,6,343.28,23,4,3.7,18,2,36.0,1
CLT-2726,2025-01-15,Healthcare,Basic,6,331.61,16,1,0.0,7,2,24.0,1
CLT-2727,2024-04-01,Healthcare,Enterprise,24,2124.27,7,5,,13,0,34.0,1
CLT-2728,2023-05-26,Education,Basic,6,386.85,15,0,0.0,15,2,53.0,0
CLT-2729,2024-01-30,Education,Basic,24,287.22,31,0,2.5,1,2,-6.0,1
CLT-2730,2024-08-31,SaaS,Enterprise,6,2812.23,11,4,6.9,23,1,32.0,0
CLT-2731,2023-09-03,Education,Basic,12,355.03,10,0,3.6,32,0,-3.0,0
CLT-2732,2024-04-28,SaaS,Pro,12,1239.64,23,3,6.7,6,1,32.0,0
CLT-2733,2024-08-15,Logistics,Basic,12,328.89,23,2,1.5,13,0,24.0,1
CLT-2734,2023-03-18,Healthcare,Enterprise,12,3375.97,7,1,7.6,15,2,,0
CLT-2735,2024-05-27,Healthcare,Pro,12,911.62,12,1,0.0,18,1,51.0,0
CLT-2736,2024-10-25,Real Estate,Enterprise,24,3286.16,10,6,9.0,1,2,50.0,0
CLT-2737,2023-07-12,Healthcare,Basic,12,282.45,15,4,3.6,7,3,57.0,0
CLT-2738,2024-05-08,Education,Pro,1,1102.04,23,0,9.6,26,2,20.0,0
CLT-2739,2024-09-30,Finance,Pro,6,767.85,8,1,2.5,16,3,48.0,1
CLT-2740,2023-02-09,Education,Basic,12,417.49,23,2,10.8,0,1,43.0,0
CLT-2741,2024-08-02,Real Estate,Basic,12,411.71,15,1,2.1,0,2,21.0,0
CLT-2742,2023-08-22,Real Estate,Basic,12,319.6,33,6,0.0,9,0,33.0,1
CLT-2743,2023-12-24,Real Estate,Enterprise,12,2785.9,17,1,5.1,8,1,27.0,0
CLT-2744,2024-08-06,Education,Pro,6,1042.8,13,3,8.7,2,1,65.0,0
CLT-2745,2023-01-04,Real Estate,Pro,12,868.52,19,3,7.4,6,2,50.0,0
CLT-2746,2023-01-16,Real Estate,Pro,12,1084.21,11,3,8.5,5,2,22.0,0
CLT-2747,2024-02-06,Healthcare,Pro,12,1097.22,1,6,7.4,6,1,20.0,1
CLT-2748,2025-05-04,Healthcare,Basic,12,334.51,12,1,2.5,3,1,54.0,0
CLT-2749,2023-01-06,Real Estate,Basic,24,266.59,12,4,7.3,10,2,63.0,0
CLT-2750,2024-12-10,Logistics,Pro,12,1216.36,1,0,5.3,20,1,38.0,0
CLT-2751,2023-03-09,Real Estate,Basic,24,260.71,13,1,2.9,1,1,46.0,0
CLT-2752,2024-03-16,Education,Enterprise,1,2943.76,1,2,5.5,5,0,63.0,0
CLT-2753,2024-01-23,Education,Pro,12,775.67,11,2,4.8,31,1,26.0,1
CLT-2754,2024-02-26,Real Estate,Basic,12,266.3,16,3,9.2,7,1,32.0,0
CLT-2755,2023-03-15,Finance,Pro,12,731.09,15,7,3.5,5,0,42.0,1
CLT-2756,2024-11-09,eCommerce,Basic,6,305.41,11,4,3.3,22,0,19.0,0
CLT-2757,2023-09-06,Finance,Enterprise,12,2959.37,13,4,2.9,1,1,72.0,0
CLT-2758,2024-11-24,Healthcare,Enterprise,6,2782.32,8,2,10.7,8,1,19.0,0
CLT-2759,2024-08-12,Real Estate,Enterprise,24,3011.81,14,7,3.1,27,0,32.0,0
CLT-2760,2024-05-11,eCommerce,Basic,6,361.5,14,2,8.9,6,3,78.0,0
CLT-2761,2023-10-05,Real Estate,Basic,6,265.23,7,5,1.9,4,1,-17.0,0
CLT-2762,2024-08-10,Healthcare,Basic,12,250.32,16,4,6.5,5,2,35.0,0
CLT-2763,2025-06-16,Logistics,Basic,6,352.56,16,5,5.8,5,2,13.0,1
CLT-2764,2025-04-10,SaaS,Basic,1,357.58,13,3,8.7,4,1,30.0,0
CLT-2765,2025-04-04,Education,Basic,12,340.21,33,7,8.3,37,3,0.0,1
CLT-2766,2023-07-17,Finance,Enterprise,12,2368.64,13,2,5.2,4,1,21.0,0
CLT-2767,2024-06-10,Real Estate,Basic,6,385.94,12,7,3.4,8,1,31.0,0
CLT-2768,2023-12-25,Real Estate,Basic,12,253.62,11,7,9.9,17,0,36.0,1
CLT-2769,2025-05-20,Logistics,Pro,12,1061.45,6,1,3.1,4,0,52.0,1
CLT-2770,2025-05-05,eCommerce,Pro,12,785.02,19,4,0.0,17,1,-28.0,1
CLT-2771,2025-02-20,Education,Pro,6,1073.4,9,5,0.0,28,2,27.0,1
CLT-2772,2023-05-27,eCommerce,Pro,6,945.57,9,2,0.2,7,0,26.0,0
CLT-2773,2023-10-15,Logistics,Enterprise,24,3077.15,10,1,6.8,13,3,28.0,0
CLT-2774,2024-10-02,Healthcare,Pro,12,748.18,6,1,11.6,14,3,31.0,0
CLT-2775,2024-11-05,Education,Pro,1,1019.74,1,4,0.0,8,0,9.0,1
CLT-2776,2023-11-12,Education,Pro,12,798.23,10,0,2.7,3,2,-9.0,0
CLT-2777,2023-05-04,eCommerce,Basic,6,362.83,21,2,5.3,45,0,35.0,1
CLT-2778,2023-05-04,Logistics,Basic,12,261.59,16,3,9.6,4,2,5.0,0
CLT-2779,2024-09-08,Real Estate,Basic,12,253.24,26,4,2.6,10,2,40.0,0
CLT-2780,2024-02-13,Healthcare,Basic,24,368.36,20,2,6.8,15,0,7.0,0
CLT-2781,2024-03-17,Logistics,Pro,24,754.31,18,2,4.2,7,0,47.0,1
CLT-2782,2025-01-03,Finance,Basic,6,280.42,29,2,12.8,11,4,29.0,1
CLT-2783,2023-01-16,SaaS,Basic,12,388.45,13,2,5.4,10,1,30.0,0
CLT-2784,2024-11-10,Finance,Basic,6,385.74,15,2,6.1,5,1,24.0,0
CLT-2785,2023-09-04,Education,Pro,12,1181.23,14,1,5.3,4,0,20.0,0
CLT-2786,2025-04-18,Real Estate,Basic,12,298.7,26,5,3.8,1,1,24.0,0
CLT-2787,2025-05-09,Logistics,Pro,1,1005.15,14,3,7.8,20,0,60.0,0
CLT-2788,2024-03-27,Healthcare,Enterprise,1,3160.02,9,1,1.5,45,1,-8.0,0
CLT-2789,2023-10-12,SaaS,Basic,1,264.66,19,3,0.0,13,1,14.0,0
CLT-2790,2023-07-29,Logistics,Pro,1,1111.17,7,6,4.5,18,2,56.0,0
CLT-2791,2023-06-13,Education,Basic,6,257.55,18,2,7.4,12,0,50.0,0
CLT-2792,2025-06-18,eCommerce,Basic,24,404.39,17,0,3.3,8,1,64.0,1
CLT-2793,2023-06-18,Education,Pro,12,1064.15,12,2,5.6,8,0,29.0,0
CLT-2794,2024-02-06,Education,Enterprise,12,2739.96,19,5,1.3,1,0,-3.0,1
CLT-2795,2024-03-07,Education,Basic,12,327.25,2,6,8.2,14,2,2.0,1
CLT-2796,2024-09-03,Healthcare,Pro,12,817.94,15,3,7.0,4,0,23.0,1
CLT-2797,2025-01-28,Healthcare,Basic,6,302.27,10,2,5.1,23,1,49.0,0
CLT-2798,2024-05-17,Healthcare,Pro,24,1112.65,37,2,5.5,10,1,24.0,0
CLT-2799,2024-11-13,Education,Pro,12,1012.11,15,2,0.8,4,3,22.0,0
CLT-2800,2024-05-25,Finance,Pro,12,1005.83,9,6,1.0,4,4,40.0,1
CLT-2801,2024-01-29,Healthcare,Pro,24,825.43,3,2,4.6,1,2,31.0,0
CLT-2802,2023-05-22,Finance,Basic,12,364.27,24,3,6.5,12,4,19.0,0
CLT-2803,2023-07-07,Real Estate,Pro,12,931.7,11,1,6.7,6,0,5.0,0
CLT-2804,2024-01-25,Healthcare,Pro,24,818.69,8,3,3.9,1,0,54.0,0
CLT-2805,2023-02-11,SaaS,Pro,12,1229.64,17,0,7.2,1,1,56.0,0
CLT-2806,2023-10-12,Logistics,Basic,12,331.22,19,3,9.3,11,2,4.0,0
CLT-2807,2024-02-21,Logistics,Basic,1,335.05,19,2,4.7,7,3,20.0,1
CLT-2808,2024-03-01,Finance,Basic,1,416.65,14,3,5.9,4,1,,0
CLT-2809,2025-01-03,Education,Basic,12,305.95,15,3,4.4,2,3,2.0,1
CLT-2810,2025-05-20,SaaS,Basic,1,409.74,16,6,4.6,8,2,39.0,0
CLT-2811,2024-10-18,Real Estate,Basic,24,365.09,17,4,5.5,6,4,22.0,0
CLT-2812,2023-03-13,Education,Pro,1,1061.87,17,4,10.1,4,1,0.0,0
CLT-2813,2024-01-03,Real Estate,pro,12,282.2,23,3,7.7,2,2,74.0,0
CLT-2814,2024-10-18,Real Estate,Pro,6,747.95,14,3,7.5,27,1,21.0,0
CLT-2815,2024-06-19,Education,Pro,24,956.4,7,1,3.6,32,2,43.0,0
CLT-2816,2024-02-17,Logistics,Pro,6,725.49,13,3,2.3,7,0,2.0,0
CLT-2817,2024-01-28,Logistics,Basic,1,252.78,20,3,6.2,9,2,69.0,1
CLT-2818,2024-01-01,Real Estate,Basic,1,347.16,1,1,8.7,8,0,79.0,0
CLT-2819,2024-06-05,eCommerce,Pro,12,1111.21,1,5,10.2,11,1,-8.0,0
CLT-2820,2023-06-10,Real Estate,Enterprise,24,2251.92,21,5,0.0,1,0,26.0,0
CLT-2821,2024-04-10,Finance,Basic,24,371.85,26,4,12.3,27,3,63.0,0
CLT-2822,2023-07-05,Logistics,Pro,6,1232.85,4,5,6.3,14,1,18.0,0
CLT-2823,2024-09-04,Logistics,Pro,12,1121.32,15,3,7.7,7,2,40.0,0
CLT-2824,2025-02-17,SaaS,Pro,1,1143.75,11,4,0.0,7,0,-12.0,0
CLT-2825,2024-04-01,Finance,Basic,12,366.13,12,2,4.3,4,0,10.0,0
CLT-2826,2023-12-15,eCommerce,Pro,12,841.36,16,4,7.5,6,0,38.0,0
CLT-2827,2025-04-26,Finance,Basic,6,304.96,4,2,1.5,18,0,15.0,0
CLT-2828,2024-08-16,Real Estate,Enterprise,12,3423.9,5,8,0.0,9,2,,1
CLT-2829,2024-01-21,Finance,Basic,24,359.02,12,4,6.0,3,2,-8.0,0
CLT-2830,2023-01-26,Finance,Basic,1,382.02,13,8,4.9,15,2,46.0,0
CLT-2831,2023-01-15,Education,Enterprise,6,3453.04,5,3,9.3,30,0,-3.0,0
CLT-2832,2023-07-19,Finance,Basic,6,281.66,20,5,4.5,0,3,69.0,1
CLT-2833,2023-08-01,Logistics,Basic,1,297.9,11,3,4.7,1,1,13.0,0
CLT-2834,2024-10-11,Education,Basic,6,356.06,11,5,7.1,23,0,50.0,1
CLT-2835,2024-03-26,eCommerce,Basic,12,244.38,16,2,8.1,4,1,48.0,0
CLT-2836,2025-06-18,SaaS,Basic,1,342.82,13,4,2.9,9,1,5.0,0
CLT-2837,2024-05-01,Real Estate,Basic,12,385.56,21,3,7.8,10,2,16.0,0
CLT-2838,2025-03-23,Education,Pro,24,1049.64,7,0,3.4,6,1,19.0,0
CLT-2839,2024-05-12,Education,Pro,24,879.51,3,3,5.0,11,0,20.0,0
CLT-2840,2023-11-19,Real Estate,Basic,12,370.34,12,5,7.0,5,2,-2.0,1
CLT-2841,2024-10-05,Real Estate,Pro,6,798.86,14,2,,26,0,43.0,1
CLT-2842,2024-02-09,Logistics,Basic,1,401.06,4,2,6.0,1,1,,0
CLT-2843,2023-09-05,Finance,Enterprise,6,2151.37,3,4,1.8,9,3,27.0,1
CLT-2844,2024-03-01,Education,Basic,24,395.43,15,3,0.0,15,2,55.0,1
CLT-2845,2024-08-21,SaaS,Pro,24,988.82,8,2,4.4,9,1,44.0,0
CLT-2846,2023-12-05,Logistics,Basic,6,317.16,2,1,7.9,6,2,14.0,0
CLT-2847,2024-09-25,Healthcare,Pro,6,990.36,22,3,6.3,7,3,56.0,0
CLT-2848,2025-06-01,Education,Basic,12,276.04,9,4,5.7,2,2,47.0,0
CLT-2849,2024-01-06,Real Estate,Pro,6,967.15,23,3,5.0,6,0,12.0,0
CLT-2850,2023-09-23,Finance,Basic,24,392.95,14,1,5.9,8,2,17.0,0
CLT-2851,2023-12-28,Real Estate,Enterprise,6,3201.43,16,8,2.0,29,1,55.0,0
CLT-2852,2025-01-24,Logistics,Pro,6,808.05,12,5,7.3,11,1,49.0,0
CLT-2853,2023-06-11,SaaS,Pro,12,1083.65,1,3,7.5,11,0,-8.0,0
CLT-2854,2025-05-26,Finance,Pro,1,1182.69,5,2,3.9,2,1,5.0,0
CLT-2855,2024-01-08,eCommerce,Enterprise,6,3229.65,13,2,6.3,34,1,47.0,0
CLT-2856,2025-01-27,Healthcare,Basic,24,316.61,17,1,0.0,3,1,1.0,0
CLT-2857,2024-12-09,Education,Basic,1,248.66,1,2,5.5,8,1,50.0,0
CLT-2858,2024-12-06,Finance,Basic,12,407.61,14,1,4.6,2,1,78.0,1
CLT-2859,2025-03-29,Real Estate,Basic,12,311.26,5,0,8.8,8,0,39.0,0
CLT-2860,2023-06-16,Real Estate,Pro,6,914.93,16,4,4.4,9,1,7.0,1
CLT-2861,2024-06-18,SaaS,Enterprise,1,3139.27,14,7,7.6,23,2,34.0,1
CLT-2862,2023-03-31,Finance,Enterprise,6,2395.96,20,4,3.8,11,1,56.0,0
CLT-2863,2023-09-27,SaaS,Pro,1,1170.76,23,2,0.0,0,1,32.0,0
CLT-2864,2023-02-06,SaaS,Pro,6,761.07,18,3,4.3,0,2,42.0,0
CLT-2865,2024-09-06,Real Estate,Enterprise,12,3111.07,21,4,5.6,49,1,10.0,0
CLT-2866,2024-06-30,SaaS,Enterprise,12,3448.68,11,4,5.5,3,1,12.0,0
CLT-2867,2024-10-28,eCommerce,Basic,24,419.24,37,0,5.5,3,0,53.0,0
CLT-2868,2023-06-08,Logistics,Pro,12,1218.85,4,4,3.5,25,0,12.0,0
CLT-2869,2023-10-26,Logistics,Pro,12,1190.21,10,3,4.0,3,6,-35.0,1
CLT-2870,2024-08-31,Healthcare,Basic,12,290.2,21,2,1.6,1,0,22.0,0
CLT-2871,2025-01-13,Education,Basic,6,414.0,20,4,0.0,18,1,38.0,0
CLT-2872,2025-03-08,Logistics,Enterprise,6,3391.84,18,2,4.7,25,2,56.0,0
CLT-2873,2023-03-08,eCommerce,Enterprise,12,2801.56,19,3,2.8,2,1,71.0,0
CLT-2874,2023-12-29,Logistics,Enterprise,12,2603.12,1,3,8.2,5,4,32.0,0
CLT-2875,2023-01-10,Logistics,Pro,12,779.0,27,4,0.0,13,2,46.0,0
CLT-2876,2025-01-06,Education,Basic,6,346.31,12,3,5.9,4,0,33.0,0
CLT-2877,2023-04-21,eCommerce,Basic,24,366.1,24,6,11.4,15,1,39.0,0
CLT-2878,2025-01-09,eCommerce,Pro,1,938.16,1,1,4.5,7,1,25.0,0
CLT-2879,2023-05-21,Healthcare,Pro,24,939.26,16,1,5.0,4,0,40.0,0
CLT-2880,2023-01-14,Healthcare,Pro,12,1029.59,9,5,6.3,11,1,12.0,1
CLT-2881,2025-03-02,Finance,Pro,12,735.0,19,4,6.5,72,0,80.0,1
CLT-2882,2024-01-30,Education,Basic,12,412.42,17,4,3.8,11,0,-30.0,0
CLT-2883,2024-01-18,Real Estate,Pro,6,876.55,17,2,2.0,15,1,44.0,0
CLT-2884,2024-08-05,Real Estate,Basic,12,265.36,6,5,7.0,1,1,38.0,1
CLT-2885,2023-09-05,Finance,Basic,12,240.99,14,8,0.0,3,0,39.0,0
CLT-2886,2024-09-13,Real Estate,Basic,12,394.24,13,7,7.5,27,3,0.0,1
CLT-2887,2024-01-22,eCommerce,Basic,6,395.38,18,3,3.8,6,0,-12.0,0
CLT-2888,2023-09-03,SaaS,Enterprise,6,2142.96,22,2,,2,1,45.0,0
CLT-2889,2023-12-22,Healthcare,Basic,6,267.4,15,0,3.4,6,1,64.0,0
CLT-2890,2023-01-06,Logistics,Basic,12,320.62,4,5,9.3,1,1,36.0,0
CLT-2891,2023-09-29,Real Estate,Pro,12,820.28,15,4,5.7,5,1,50.0,0
CLT-2892,2024-06-16,Healthcare,Pro,12,1117.34,35,4,4.0,21,0,19.0,1
CLT-2893,2023-05-05,Real Estate,Basic,12,250.45,27,3,4.0,35,1,38.0,0
CLT-2894,2023-04-17,Finance,Basic,12,338.95,1,2,4.6,13,2,61.0,0
CLT-2895,2024-08-13,Finance,Basic,6,308.9,15,5,12.2,41,1,22.0,1
CLT-2896,2024-01-21,eCommerce,Pro,12,971.07,21,5,1.0,15,1,60.0,1
CLT-2897,2023-05-03,SaaS,Basic,6,316.46,13,1,8.2,4,2,-11.0,0
CLT-2898,2024-11-04,eCommerce,Basic,6,267.57,10,3,6.7,1,1,15.0,0
CLT-2899,2024-11-28,Education,Basic,1,279.65,12,3,9.6,11,1,,0
CLT-2900,2023-02-01,Real Estate,Pro,6,755.0,18,2,6.9,25,2,78.0,0
CLT-2901,2023-07-01,Finance,Basic,6,260.75,5,8,5.0,14,2,30.0,1
CLT-2902,2023-11-30,Logistics,Pro,12,1248.06,24,5,8.1,5,1,4.0,0
CLT-2903,2024-10-20,Real Estate,Basic,1,290.36,14,4,5.7,13,0,77.0,0
CLT-2904,2023-03-08,eCommerce,Pro,6,885.79,7,3,7.3,6,0,27.0,0
CLT-2905,2024-12-26,Healthcare,Basic,1,262.88,23,3,9.3,7,2,47.0,1
CLT-2906,2023-10-15,eCommerce,Basic,12,375.93,2,3,,23,1,22.0,0
CLT-2907,2023-04-23,Real Estate,Basic,12,406.35,10,4,3.7,6,0,34.0,0
CLT-2908,2025-02-16,eCommerce,Pro,6,1146.47,9,3,3.1,5,1,16.0,0
CLT-2909,2023-03-20,Healthcare,Enterprise,1,2918.92,31,7,6.4,15,0,86.0,0
CLT-2910,2023-04-27,SaaS,Basic,24,386.38,9,3,2.4,29,0,60.0,0
CLT-2911,2025-05-04,Education,Basic,12,312.76,1,5,4.0,5,1,74.0,0
CLT-2912,2024-04-12,Finance,Enterprise,12,3289.25,9,1,2.1,9,1,10.0,1
CLT-2913,2024-02-21,Real Estate,Pro,12,1151.2,18,1,6.5,16,1,-16.0,0
CLT-2914,2024-09-10,Real Estate,Basic,12,240.31,20,6,2.7,6,0,23.0,0
CLT-2915,2024-07-21,Finance,Basic,24,327.8,32,3,1.1,8,1,93.0,1
CLT-2916,2024-07-06,Real Estate,Pro,6,862.89,25,3,1.7,7,2,22.0,1
CLT-2917,2023-01-21,Logistics,Pro,12,766.57,16,5,3.3,9,0,56.0,0
CLT-2918,2024-05-11,Healthcare,Pro,6,1176.95,7,0,3.6,34,1,4.0,1
CLT-2919,2023-09-08,Real Estate,Enterprise,12,2011.92,27,1,5.8,4,2,9.0,0
CLT-2920,2024-12-27,Real Estate,Basic,6,371.43,11,1,4.5,21,0,28.0,0
CLT-2921,2024-03-30,Logistics,Basic,1,417.87,9,2,6.1,13,0,83.0,0
CLT-2922,2023-04-22,Logistics,pro,24,326.76,11,1,6.4,10,0,58.0,0
CLT-2923,2025-03-08,Real Estate,Basic,24,306.82,4,1,7.2,35,0,-21.0,0
CLT-2924,2023-09-13,SaaS,Basic,6,349.05,10,3,0.0,20,0,47.0,0
CLT-2925,2023-09-02,Finance,Basic,24,384.85,12,3,1.6,10,1,1.0,0
CLT-2926,2025-04-22,Finance,Basic,6,283.25,20,5,6.7,2,0,13.0,0
CLT-2927,2024-11-28,eCommerce,Pro,12,855.38,11,1,5.6,5,0,43.0,0
CLT-2928,2025-02-12,Healthcare,Basic,24,349.29,4,3,7.9,15,1,65.0,0
CLT-2929,2024-08-18,Finance,Basic,6,409.18,1,3,0.4,10,0,64.0,0
CLT-2930,2025-03-30,Healthcare,Pro,12,881.16,16,0,3.6,22,1,38.0,1
CLT-2931,2023-04-14,Education,Pro,12,923.45,15,5,4.1,42,0,39.0,1
CLT-2932,2024-06-23,Education,Pro,1,1256.4,10,0,5.5,8,0,64.0,0
CLT-2933,2023-09-22,Finance,Pro,12,815.16,10,2,5.1,23,3,-9.0,0
CLT-2934,2023-12-25,SaaS,Pro,6,761.56,17,2,6.4,1,1,76.0,0
CLT-2935,2023-08-03,Real Estate,Basic,12,346.16,25,4,4.7,5,1,12.0,0
CLT-2936,2023-07-04,Real Estate,Basic,1,244.37,8,4,9.1,20,1,37.0,0
CLT-2937,2024-02-03,Education,Pro,6,817.43,15,1,10.1,2,0,18.0,0
CLT-2938,2025-04-06,eCommerce,Basic,12,352.0,22,2,1.6,6,0,1.0,0
CLT-2939,2024-07-25,Healthcare,pro,6,358.71,8,0,5.1,10,1,42.0,0
CLT-2940,2023-11-11,eCommerce,Basic,12,331.88,14,5,7.4,52,2,,1
CLT-2941,2024-01-26,Education,Basic,12,309.07,14,2,6.8,26,2,27.0,0
CLT-2942,2024-04-21,Finance,Basic,12,343.72,4,5,3.8,7,2,26.0,0
CLT-2943,2023-08-09,SaaS,Basic,1,355.81,15,7,5.8,8,3,68.0,0
CLT-2944,2024-04-14,eCommerce,Pro,24,1153.88,14,3,0.2,1,1,85.0,0
CLT-2945,2024-09-18,Healthcare,Enterprise,12,3189.13,18,2,4.9,1,2,61.0,0
CLT-2946,2023-08-07,Finance,Basic,6,359.66,5,2,0.6,46,3,37.0,1
CLT-2947,2024-06-10,Real Estate,Enterprise,12,3341.35,14,2,6.5,3,0,-11.0,1
CLT-2948,2024-09-29,eCommerce,Basic,12,390.84,25,3,1.7,16,2,46.0,0
CLT-2949,2024-04-12,Healthcare,Enterprise,12,2199.87,31,2,5.5,2,0,47.0,0
CLT-2950,2023-09-20,Logistics,Enterprise,12,3435.02,24,3,6.0,2,1,49.0,0
CLT-2951,2024-05-13,Healthcare,Basic,12,400.51,5,2,5.2,3,2,1.0,0
CLT-2952,2024-12-14,SaaS,Pro,24,893.3,18,4,3.1,2,2,51.0,0
CLT-2953,2023-07-19,Education,Enterprise,12,2030.28,10,7,4.4,3,1,69.0,0
CLT-2954,2024-06-01,Healthcare,Enterprise,12,2905.96,16,4,8.5,6,3,5.0,0
CLT-2955,2024-09-04,eCommerce,Enterprise,12,2657.63,8,2,3.7,28,2,47.0,0
CLT-2956,2023-10-17,Education,Pro,24,1124.77,1,6,5.1,4,0,10.0,0
CLT-2957,2023-12-15,Education,Basic,24,334.43,11,5,3.3,5,0,27.0,0
CLT-2958,2025-03-10,eCommerce,Pro,6,761.3,20,7,8.1,3,3,6.0,1
CLT-2959,2023-11-24,SaaS,Pro,6,852.13,16,4,,12,1,21.0,0
CLT-2960,2024-06-22,SaaS,Pro,12,1196.56,17,3,2.7,14,2,21.0,0
CLT-2961,2023-05-15,Education,Basic,12,246.78,16,6,5.0,25,0,40.0,0
CLT-2962,2025-04-13,Logistics,Pro,12,1117.8,17,3,4.3,23,0,52.0,0
CLT-2963,2024-06-21,Education,Basic,12,292.55,18,2,9.2,28,1,60.0,0
CLT-2964,2024-11-15,Logistics,Pro,24,964.43,12,3,4.9,1,0,14.0,0
CLT-2965,2024-06-26,Healthcare,Basic,12,335.58,15,3,0.9,21,3,39.0,0
CLT-2966,2023-11-16,Logistics,Pro,12,855.04,28,3,6.5,0,0,3.0,1
CLT-2967,2023-11-03,Education,Pro,6,1072.06,15,2,10.4,1,0,27.0,0
CLT-2968,2024-09-23,Healthcare,Basic,12,364.82,14,2,8.6,12,2,31.0,0
CLT-2969,2025-02-12,Finance,Pro,1,765.93,15,4,1.7,3,3,7.0,0
CLT-2970,2023-04-25,Finance,Basic,12,307.31,12,4,4.2,4,1,44.0,0
CLT-2971,2025-01-30,Education,Enterprise,12,3116.57,11,1,4.9,20,0,26.0,0
CLT-2972,2025-01-17,Finance,Pro,12,1109.68,16,1,4.9,51,2,34.0,0
CLT-2973,2023-04-09,Healthcare,Basic,12,338.03,10,2,6.1,1,2,61.0,1
CLT-2974,2023-04-08,SaaS,Basic,6,379.98,13,3,4.0,0,2,19.0,0
CLT-2975,2024-09-17,Real Estate,Basic,1,259.38,8,1,2.3,2,1,51.0,0
CLT-2976,2025-01-28,Education,Basic,1,261.28,15,4,7.9,3,1,66.0,0
CLT-2977,2023-12-21,Education,Enterprise,24,2986.23,19,4,1.6,26,0,65.0,0
CLT-2978,2024-07-30,Healthcare,Pro,24,1094.4,12,7,2.6,16,1,25.0,1
CLT-2979,2025-06-18,Healthcare,Basic,6,386.61,1,4,1.6,3,1,6.0,0
CLT-2980,2023-10-18,Real Estate,Enterprise,6,2271.56,19,2,6.8,6,2,12.0,0
CLT-2981,2023-07-22,Education,Basic,12,333.02,15,1,5.3,99,1,-10.0,1
CLT-2982,2025-06-11,SaaS,Enterprise,12,2991.25,6,4,7.7,22,3,47.0,0
CLT-2983,2023-09-10,Healthcare,Basic,6,280.27,20,4,2.6,4,2,49.0,1
CLT-2984,2024-03-01,eCommerce,Pro,1,999.14,3,2,1.2,5,1,,1
CLT-2985,2024-02-02,Education,Enterprise,12,2957.67,22,1,3.7,1,3,-4.0,1
CLT-2986,2024-04-15,Real Estate,Basic,6,278.6,14,5,4.5,17,1,21.0,0
CLT-2987,2023-08-30,SaaS,Pro,6,922.8,1,2,5.6,4,1,65.0,0
CLT-2988,2024-09-03,eCommerce,Enterprise,6,2324.51,15,5,0.0,19,1,45.0,0
CLT-2989,2024-09-14,SaaS,Basic,12,402.53,11,2,6.4,3,0,50.0,0
CLT-2990,2023-06-30,Real Estate,Basic,12,282.62,10,6,2.3,0,4,100.0,1
CLT-2991,2024-03-08,Finance,Pro,6,785.25,8,1,3.1,10,2,38.0,0
CLT-2992,2023-02-21,Real Estate,Basic,12,246.33,13,1,8.5,7,0,-24.0,0
CLT-2993,2023-07-18,Finance,Basic,12,248.09,10,5,0.0,19,5,2.0,1
CLT-2994,2025-06-07,Education,Basic,12,274.49,1,4,6.0,5,0,38.0,1
CLT-2995,2024-03-31,Finance,Pro,24,1048.43,24,2,6.0,10,2,30.0,0
CLT-2996,2024-07-14,Healthcare,Basic,1,243.18,12,2,2.5,12,1,26.0,0
CLT-2997,2025-03-10,Finance,Basic,24,291.61,8,5,3.7,3,1,26.0,0
CLT-2998,2024-10-04,eCommerce,Pro,12,751.41,5,1,8.7,57,0,10.0,1
CLT-2999,2024-12-14,Real Estate,Pro,12,937.98,20,3,10.9,31,1,39.0,0
CLT-3000,2024-10-02,Logistics,Pro,6,746.23,4,2,8.2,3,5,65.0,0
CLT-3001,2024-03-24,Healthcare,Basic,6,349.36,15,2,10.7,3,0,73.0,0
CLT-3002,2024-07-23,eCommerce,Enterprise,1,3032.64,9,6,2.9,25,0,73.0,0
CLT-3003,2023-09-17,SaaS,Pro,24,1114.92,10,2,0.3,5,1,6.0,1
CLT-3004,2025-03-12,SaaS,Basic,12,280.38,5,4,4.8,1,0,29.0,0
CLT-3005,2023-06-11,Real Estate,Enterprise,12,3302.75,9,1,7.4,17,1,22.0,0
CLT-3006,2025-03-06,Finance,Basic,12,364.25,14,4,0.0,16,2,45.0,0
CLT-3007,2025-03-01,eCommerce,Basic,1,250.2,16,2,2.2,7,0,28.0,0
CLT-3008,2023-05-09,Real Estate,Basic,6,319.34,8,2,2.6,48,1,24.0,0
CLT-3009,2024-10-01,Finance,Pro,12,1134.59,13,0,6.1,4,2,66.0,0
CLT-3010,2025-06-09,Education,Basic,12,295.96,21,5,5.7,15,2,32.0,0
CLT-3011,2024-05-29,SaaS,Basic,12,308.68,1,1,2.7,23,0,33.0,0
CLT-3012,2023-11-03,Real Estate,Basic,12,353.33,14,3,5.5,5,1,40.0,0
CLT-3013,2025-03-02,eCommerce,Basic,12,249.99,6,2,1.6,2,1,47.0,0
CLT-3014,2024-04-06,eCommerce,Basic,12,414.05,6,1,3.7,25,0,47.0,0
CLT-3015,2023-04-20,eCommerce,Pro,1,814.22,16,2,1.2,24,2,69.0,1
CLT-3016,2023-08-13,Logistics,Basic,12,244.8,10,3,4.5,4,3,-2.0,1
CLT-3017,2024-09-06,eCommerce,Basic,12,240.96,4,2,2.6,16,1,38.0,0
CLT-3018,2024-02-14,eCommerce,Pro,6,935.76,25,2,7.1,0,1,27.0,1
CLT-3019,2023-07-15,eCommerce,Basic,6,399.17,21,5,4.9,5,0,22.0,0
CLT-3020,2024-12-20,Healthcare,Pro,6,1162.67,1,3,4.3,7,2,49.0,1
CLT-3021,2023-04-19,Logistics,Basic,6,404.17,2,2,10.3,19,0,62.0,0
CLT-3022,2023-07-17,Healthcare,Basic,12,336.08,19,3,6.1,1,0,15.0,0
CLT-3023,2024-02-24,Healthcare,Basic,1,320.77,12,1,3.9,16,1,72.0,1
CLT-3024,2023-02-05,Real Estate,Basic,12,309.45,26,2,3.2,1,1,-6.0,0
CLT-3025,2023-12-15,Logistics,Basic,1,248.36,19,4,1.5,9,2,45.0,1
CLT-3026,2025-03-29,SaaS,Pro,1,1211.14,16,5,4.8,3,3,8.0,0
CLT-3027,2025-04-27,Finance,Basic,6,329.31,6,4,5.9,1,1,14.0,0
CLT-3028,2025-02-23,Finance,Pro,6,965.74,18,3,0.0,9,3,32.0,0
CLT-3029,2023-10-19,Logistics,Pro,24,998.19,4,5,0.9,4,0,20.0,0
CLT-3030,2023-02-28,Logistics,Basic,6,382.95,24,0,3.5,14,2,-42.0,0
CLT-3031,2025-01-03,Logistics,Pro,6,841.21,17,1,1.7,7,2,45.0,0
CLT-3032,2023-12-02,Real Estate,Basic,6,367.78,7,3,5.1,6,1,49.0,0
CLT-3033,2024-11-04,Healthcare,Basic,6,367.94,20,1,5.5,3,2,26.0,0
CLT-3034,2023-04-18,Healthcare,Basic,12,392.92,32,4,4.6,8,0,24.0,1
CLT-3035,2024-08-24,eCommerce,Pro,12,724.69,12,7,6.7,1,0,21.0,0
CLT-3036,2024-06-11,Education,Enterprise,6,2255.59,18,6,3.2,0,1,-13.0,0
CLT-3037,2025-04-08,Healthcare,Basic,12,324.79,11,3,4.9,0,0,-15.0,1
CLT-3038,2023-04-02,eCommerce,Pro,12,1179.29,15,6,2.0,15,2,50.0,0
CLT-3039,2024-01-03,Finance,Pro,12,1241.16,2,7,5.9,23,4,57.0,0
CLT-3040,2025-06-09,Real Estate,Basic,12,347.08,14,5,5.2,16,2,45.0,0
CLT-3041,2023-12-17,Logistics,Pro,6,834.55,14,4,1.4,3,2,39.0,0
CLT-3042,2024-08-15,eCommerce,Pro,12,819.68,28,3,4.5,1,2,50.0,0
CLT-3043,2023-05-25,eCommerce,Enterprise,12,2959.17,1,0,4.9,2,1,48.0,0
CLT-3044,2024-10-17,Education,Enterprise,12,2315.1,12,3,5.8,5,0,10.0,0
CLT-3045,2023-09-06,Real Estate,Basic,24,339.56,24,4,6.0,14,1,36.0,0
CLT-3046,2024-05-29,eCommerce,Basic,24,390.27,12,3,2.8,28,1,23.0,1
CLT-3047,2025-03-02,Education,Pro,6,930.5,13,4,7.3,27,2,23.0,1
CLT-3048,2024-08-17,Healthcare,Basic,12,308.12,7,3,6.6,10,0,59.0,0
CLT-3049,2024-03-02,Logistics,Basic,12,246.51,7,4,2.8,2,0,69.0,0
CLT-3050,2023-06-21,Healthcare,Enterprise,12,2381.13,1,2,1.6,6,0,-29.0,0
CLT-3051,2023-11-04,Real Estate,Basic,12,365.67,9,4,3.1,16,2,24.0,0
CLT-3052,2025-02-03,Education,Basic,24,304.87,6,2,0.6,2,2,22.0,1
CLT-3053,2023-07-14,Finance,Pro,12,805.48,15,2,5.6,15,1,59.0,0
CLT-3054,2024-08-13,eCommerce,Basic,12,259.04,8,2,8.6,18,1,-6.0,0
CLT-3055,2024-03-12,Logistics,Basic,1,257.11,10,4,9.3,18,0,-45.0,1
CLT-3056,2023-10-16,Finance,Enterprise,12,2988.7,10,0,1.7,6,0,51.0,0
CLT-3057,2024-10-06,Logistics,Basic,24,350.27,14,7,7.4,15,0,54.0,1
CLT-3058,2023-11-22,eCommerce,Basic,12,333.33,10,8,5.3,7,1,-15.0,0
CLT-3059,2023-09-16,eCommerce,Basic,1,330.06,6,3,0.0,42,2,27.0,1
CLT-3060,2024-04-21,eCommerce,Enterprise,24,2229.71,15,4,4.0,17,1,68.0,0
CLT-3061,2024-11-12,SaaS,Basic,12,330.11,23,1,3.7,5,1,3.0,0
CLT-3062,2025-02-16,Education,Pro,12,752.37,15,3,8.6,22,0,33.0,0
CLT-3063,2024-07-20,Finance,Basic,1,406.65,9,2,2.4,18,0,43.0,1
CLT-3064,2024-08-18,Real Estate,Basic,12,250.44,13,1,6.7,8,1,-6.0,1
CLT-3065,2024-12-09,Logistics,pro,1,2635.3,1,4,4.7,14,0,16.0,0
CLT-3066,2023-08-31,Education,Pro,6,720.31,13,3,0.7,4,0,-12.0,0
CLT-3067,2023-08-14,Healthcare,Enterprise,12,3179.23,11,7,3.3,23,1,26.0,0
CLT-3068,2024-03-11,Real Estate,Basic,24,269.91,7,2,9.6,13,0,10.0,0
CLT-3069,2024-07-21,Logistics,Pro,6,1219.45,8,2,4.5,3,0,35.0,0
CLT-3070,2024-08-04,Healthcare,Enterprise,24,2065.97,11,4,7.7,13,2,46.0,0
CLT-3071,2023-05-19,SaaS,Basic,24,387.74,22,4,7.6,7,1,65.0,0
CLT-3072,2024-12-03,Real Estate,Basic,1,358.19,23,3,3.7,24,2,88.0,1
CLT-3073,2023-11-24,Education,Enterprise,6,2374.6,7,3,1.1,7,1,35.0,0
CLT-3074,2025-02-28,SaaS,Basic,12,276.44,10,4,1.5,7,2,22.0,0
CLT-3075,2024-10-13,eCommerce,Pro,12,913.15,10,5,9.4,26,1,21.0,0
CLT-3076,2025-06-03,eCommerce,Enterprise,6,3242.6,20,2,5.5,2,1,6.0,0
CLT-3077,2024-07-22,Education,Basic,12,395.15,15,3,0.0,18,1,41.0,0
CLT-3078,2024-04-19,Real Estate,Basic,12,271.55,15,3,7.5,31,2,18.0,1
CLT-3079,2023-06-19,Real Estate,pro,12,303.62,18,7,0.0,8,1,43.0,1
CLT-3080,2023-12-25,Logistics,Basic,12,282.75,9,5,2.5,15,0,7.0,0
CLT-3081,2025-02-11,eCommerce,Basic,1,262.08,25,9,5.2,1,0,18.0,0
CLT-3082,2023-12-10,Logistics,Pro,6,1069.08,14,4,12.6,18,1,41.0,0
CLT-3083,2023-02-18,SaaS,Basic,1,302.26,7,2,7.4,7,1,27.0,0
CLT-3084,2023-08-09,SaaS,Pro,24,841.71,12,1,,35,3,-18.0,1
CLT-3085,2024-06-19,Education,Basic,24,395.88,24,2,5.1,16,1,30.0,0
CLT-3086,2024-07-20,Logistics,Basic,12,374.7,11,1,7.8,13,1,10.0,1
CLT-3087,2025-06-04,eCommerce,Basic,1,379.28,22,0,9.3,34,0,60.0,0
CLT-3088,2025-04-20,Real Estate,Pro,12,741.17,9,4,4.3,10,1,54.0,1
CLT-3089,2024-04-23,SaaS,Basic,6,404.72,8,3,4.3,10,1,-27.0,0
CLT-3090,2024-05-14,Logistics,Basic,6,343.45,19,2,2.5,12,1,50.0,0
CLT-3091,2024-12-21,Education,Enterprise,6,2755.7,7,4,7.0,5,0,40.0,0
CLT-3092,2023-02-13,eCommerce,Pro,12,725.72,21,5,8.1,3,3,-7.0,0
CLT-3093,2024-06-19,Healthcare,Basic,1,401.58,17,4,0.0,9,1,52.0,0
CLT-3094,2024-03-02,eCommerce,Enterprise,12,2815.84,7,4,3.8,6,3,-2.0,0
CLT-3095,2024-12-05,Healthcare,Basic,24,388.53,13,1,1.4,0,0,59.0,0
CLT-3096,2024-12-21,eCommerce,Basic,12,357.99,10,3,5.5,13,3,14.0,0
CLT-3097,2024-08-13,eCommerce,Basic,1,383.4,17,2,1.3,2,2,-8.0,0
CLT-3098,2024-08-14,Real Estate,Basic,24,364.73,29,4,1.0,8,0,83.0,1
CLT-3099,2024-09-14,Finance,Basic,12,405.77,11,4,8.4,21,3,-9.0,0
CLT-3100,2024-06-06,Education,Pro,12,841.76,18,5,4.5,21,0,10.0,1
CLT-3101,2023-07-25,Healthcare,Basic,12,276.38,14,5,4.8,5,0,15.0,0
CLT-3102,2023-09-14,Finance,Pro,24,1104.77,14,0,6.3,3,0,19.0,0
CLT-3103,2024-10-29,eCommerce,Enterprise,12,2752.09,13,2,7.9,6,4,47.0,1
CLT-3104,2024-07-10,Finance,Pro,12,1043.55,7,2,3.7,17,2,31.0,1
CLT-3105,2023-08-03,Healthcare,Pro,12,1102.61,17,4,3.8,3,1,55.0,0
CLT-3106,2025-03-01,Real Estate,Pro,1,1015.61,12,3,3.8,4,0,39.0,0
CLT-3107,2025-06-01,eCommerce,Enterprise,12,3181.54,7,3,8.2,3,1,-12.0,0
CLT-3108,2024-07-17,Education,Basic,1,297.4,22,1,4.8,21,1,44.0,0
CLT-3109,2023-07-25,Healthcare,Basic,6,394.62,15,3,4.1,1,1,36.0,0
CLT-3110,2025-04-24,Finance,Pro,6,778.15,12,3,6.2,2,3,14.0,0
CLT-3111,2023-08-02,SaaS,Pro,6,1062.36,25,4,10.5,11,0,82.0,1
CLT-3112,2024-01-25,Real Estate,Basic,12,400.22,1,2,5.2,21,1,45.0,0
CLT-3113,2025-02-11,eCommerce,Pro,12,856.45,24,4,4.2,28,1,54.0,0
CLT-3114,2024-04-13,Finance,Basic,6,298.83,7,2,10.8,2,2,54.0,0
CLT-3115,2023-08-07,Healthcare,Enterprise,6,2458.16,16,2,9.0,4,2,19.0,0
CLT-3116,2023-03-14,Logistics,Basic,24,341.57,9,5,8.6,39,2,46.0,1
CLT-3117,2023-11-21,Finance,Basic,24,314.32,7,3,3.5,2,3,38.0,1
CLT-3118,2024-08-27,Real Estate,Basic,12,259.43,25,3,3.2,60,1,16.0,1
CLT-3119,2024-10-05,SaaS,Basic,6,400.43,29,1,0.0,3,1,-1.0,1
CLT-3120,2023-07-20,eCommerce,Basic,1,276.84,12,3,7.9,23,4,31.0,0
CLT-3121,2023-05-23,eCommerce,Basic,1,336.13,17,4,5.2,17,0,45.0,0
CLT-3122,2024-09-23,Finance,Basic,6,347.06,14,5,0.0,28,1,30.0,1
CLT-3123,2023-05-24,Finance,Basic,24,247.34,28,4,8.6,6,0,25.0,0
CLT-3124,2023-02-27,Real Estate,Basic,12,257.23,1,2,4.0,2,2,31.0,1
CLT-3125,2024-03-13,Finance,Basic,6,414.9,17,2,4.4,32,0,23.0,0
CLT-3126,2024-05-28,eCommerce,Basic,24,359.61,8,3,0.5,0,1,69.0,0
CLT-3127,2023-08-08,Logistics,Basic,12,246.04,1,3,6.5,1,2,37.0,1
CLT-3128,2023-07-10,Healthcare,Basic,6,382.96,11,6,6.5,4,1,18.0,0
CLT-3129,2023-08-01,eCommerce,Basic,12,331.54,29,2,4.9,17,1,-15.0,0
CLT-3130,2023-11-05,eCommerce,Basic,6,253.54,9,5,3.7,6,2,25.0,0
CLT-3131,2023-01-09,Healthcare,Pro,24,1087.61,20,0,12.9,8,1,16.0,0
CLT-3132,2023-01-11,Healthcare,Enterprise,6,2749.03,24,7,1.4,4,0,15.0,0
CLT-3133,2023-11-30,eCommerce,Enterprise,12,2307.38,14,2,2.8,7,1,54.0,0
CLT-3134,2023-01-18,Healthcare,Pro,6,1193.96,15,1,7.1,4,1,32.0,0
CLT-3135,2023-10-14,SaaS,Pro,24,877.35,1,3,2.0,18,2,-12.0,0
CLT-3136,2024-06-06,Finance,Basic,12,291.22,8,6,1.7,68,2,45.0,1
CLT-3137,2023-01-29,Healthcare,Pro,12,867.3,21,3,8.4,8,2,-10.0,0
CLT-3138,2024-07-10,SaaS,Pro,1,1134.43,14,6,6.8,22,0,47.0,0
CLT-3139,2024-07-13,Logistics,Pro,24,1101.3,17,2,6.5,2,1,18.0,0
CLT-3140,2024-05-31,Finance,Enterprise,12,3354.72,15,3,5.5,11,0,32.0,0
CLT-3141,2024-07-17,Healthcare,Basic,6,281.28,32,5,2.9,1,0,29.0,1
CLT-3142,2024-12-29,Education,Pro,24,1144.64,11,1,4.2,0,1,26.0,0
CLT-3143,2023-03-05,Logistics,Pro,1,1029.44,27,0,4.8,24,1,35.0,0
CLT-3144,2023-06-01,Education,Basic,6,295.56,15,4,7.5,18,1,32.0,1
CLT-3145,2023-10-13,Healthcare,pro,12,2053.18,28,5,6.3,16,0,77.0,0
CLT-3146,2024-09-11,SaaS,Basic,6,387.41,4,7,2.2,15,1,36.0,1
CLT-3147,2025-02-24,Healthcare,Enterprise,12,2361.61,15,3,7.4,9,3,36.0,0
CLT-3148,2025-04-06,Finance,Pro,6,1061.14,11,3,0.0,8,1,12.0,1
CLT-3149,2024-06-07,Education,Basic,1,338.8,15,2,4.0,1,1,40.0,0
CLT-3150,2024-01-05,Education,Pro,1,722.4,24,4,1.6,2,2,4.0,1
CLT-3151,2024-01-06,Finance,Basic,6,418.98,17,4,2.4,7,3,59.0,1
CLT-3152,2023-02-23,Healthcare,Pro,24,1159.74,24,3,10.8,29,1,-7.0,0
CLT-3153,2024-02-23,Healthcare,Pro,12,982.69,9,2,0.6,25,0,9.0,0
CLT-3154,2024-04-06,Finance,Pro,12,1087.38,7,1,2.5,5,3,-11.0,0
CLT-3155,2023-07-07,Logistics,Enterprise,6,2714.89,14,1,6.5,25,2,40.0,0
CLT-3156,2024-11-22,Healthcare,Basic,12,374.03,14,2,3.6,1,2,19.0,0
CLT-3157,2024-12-31,eCommerce,Basic,1,264.18,13,4,5.5,32,1,47.0,1
CLT-3158,2023-09-29,Finance,Basic,6,320.34,6,9,9.3,17,1,6.0,1
CLT-3159,2025-04-02,SaaS,Basic,12,300.4,24,0,7.0,1,3,43.0,0
CLT-3160,2023-04-07,SaaS,Basic,12,322.74,11,1,3.6,16,2,44.0,0
CLT-3161,2025-03-30,Education,Basic,12,321.09,25,3,4.6,13,1,35.0,0
CLT-3162,2024-11-22,SaaS,Basic,24,265.76,14,4,6.6,3,0,31.0,0
CLT-3163,2023-07-21,eCommerce,Basic,12,415.77,19,5,6.9,7,1,33.0,0
CLT-3164,2024-08-08,Finance,Enterprise,6,2023.24,18,4,5.1,13,2,7.0,0
CLT-3165,2023-10-07,Healthcare,Basic,1,241.81,7,5,6.1,1,5,3.0,0
CLT-3166,2024-12-20,Education,Enterprise,6,2560.16,17,5,6.1,3,1,44.0,0
CLT-3167,2023-05-25,Real Estate,Basic,12,351.67,29,4,4.7,13,1,21.0,0
CLT-3168,2023-08-09,SaaS,Basic,24,272.34,16,4,3.2,35,1,41.0,1
CLT-3169,2023-10-04,eCommerce,Pro,24,1007.92,21,2,7.2,6,1,69.0,1
CLT-3170,2023-06-29,Education,Basic,6,370.1,20,6,5.9,2,2,19.0,1
CLT-3171,2023-10-27,SaaS,Basic,12,256.93,16,3,0.0,1,1,15.0,0
CLT-3172,2024-06-26,Logistics,Pro,12,1251.59,15,2,2.5,21,1,22.0,1
CLT-3173,2024-07-23,Healthcare,Basic,12,300.61,18,1,3.6,5,1,31.0,1
CLT-3174,2024-05-13,Healthcare,Basic,12,355.63,20,4,4.4,9,2,45.0,1
CLT-3175,2023-06-20,Finance,Pro,1,779.79,3,1,8.6,7,0,29.0,0
CLT-3176,2023-07-02,Logistics,Basic,1,367.71,16,3,14.6,34,0,82.0,0
CLT-3177,2025-04-07,Logistics,Pro,24,1173.85,13,4,0.0,5,0,,0
CLT-3178,2023-08-15,Healthcare,Basic,12,258.95,11,2,5.9,14,2,50.0,0
CLT-3179,2023-04-03,Healthcare,Enterprise,6,2188.79,24,4,5.2,5,2,29.0,1
CLT-3180,2024-02-13,Logistics,Pro,6,871.77,8,2,4.5,3,2,55.0,0
CLT-3181,2023-01-07,SaaS,Enterprise,6,2017.9,3,1,6.6,11,5,25.0,1
CLT-3182,2023-11-05,eCommerce,Pro,24,1252.47,20,4,5.4,24,0,14.0,0
CLT-3183,2025-02-08,Logistics,Basic,1,347.71,3,4,3.9,1,1,53.0,0
CLT-3184,2023-08-29,Logistics,Pro,1,1048.1,1,2,5.1,5,1,29.0,0
CLT-3185,2024-09-25,SaaS,Basic,12,412.61,21,2,6.7,3,3,36.0,0
CLT-3186,2024-03-16,Education,Pro,12,1169.3,15,3,6.4,7,1,55.0,0
CLT-3187,2023-11-16,Real Estate,Pro,1,1159.69,18,3,5.6,18,0,33.0,0
CLT-3188,2024-08-18,eCommerce,Basic,1,301.11,10,0,3.2,2,3,26.0,0
CLT-3189,2024-06-19,Education,Enterprise,6,2502.3,3,3,13.5,14,1,17.0,0
CLT-3190,2023-10-14,Finance,Basic,6,292.51,5,2,6.1,2,0,57.0,0
CLT-3191,2023-07-21,Healthcare,Pro,1,907.22,12,1,7.3,7,3,21.0,0
CLT-3192,2025-04-05,eCommerce,Pro,6,919.53,4,3,3.5,12,1,29.0,0
CLT-3193,2023-06-01,Healthcare,Basic,12,265.2,16,1,5.6,17,1,37.0,0
CLT-3194,2025-05-13,Logistics,Pro,24,912.21,10,2,5.5,13,1,37.0,0
CLT-3195,2024-02-29,SaaS,Pro,24,961.24,15,3,0.0,18,0,55.0,0
CLT-3196,2025-06-16,Real Estate,Basic,6,295.68,15,0,2.9,4,1,28.0,0
CLT-3197,2023-11-14,SaaS,Pro,6,809.29,17,2,2.8,11,0,64.0,0
CLT-3198,2024-05-23,SaaS,Basic,24,307.21,18,1,3.2,3,2,24.0,0
CLT-3199,2024-07-07,Real Estate,Pro,12,979.69,11,1,1.8,9,0,39.0,0
CLT-3200,2023-11-01,Education,Basic,12,369.73,15,4,5.1,0,3,25.0,0
CLT-3201,2023-07-16,Finance,Enterprise,6,3066.86,16,3,9.2,4,2,82.0,0
CLT-3202,2024-04-13,SaaS,Enterprise,6,2304.04,1,0,5.4,8,1,21.0,0
CLT-3203,2024-08-19,eCommerce,Basic,12,246.6,19,6,1.5,18,0,23.0,0
CLT-3204,2023-08-24,Healthcare,Basic,12,294.68,15,3,1.9,0,0,33.0,0
CLT-3205,2024-11-21,Logistics,Pro,1,804.85,19,1,3.9,9,0,23.0,0
CLT-3206,2024-07-28,Finance,Pro,24,933.73,4,3,0.8,1,1,38.0,0
CLT-3207,2023-05-30,Logistics,Basic,12,416.28,11,3,5.9,7,0,61.0,1
CLT-3208,2025-04-24,Real Estate,Basic,12,272.59,5,2,9.1,35,1,34.0,0
CLT-3209,2023-02-09,SaaS,Basic,6,297.4,20,5,3.3,18,1,35.0,1
CLT-3210,2024-08-11,SaaS,Enterprise,12,3087.67,3,4,5.2,8,4,24.0,1
CLT-3211,2024-01-31,eCommerce,Basic,12,331.65,7,3,3.7,20,4,17.0,1
CLT-3212,2024-08-11,Logistics,Enterprise,1,2065.89,18,0,3.1,18,1,32.0,0
CLT-3213,2024-11-27,Healthcare,Basic,12,269.1,9,2,5.6,5,3,30.0,0
CLT-3214,2024-09-10,eCommerce,Enterprise,12,3402.87,7,4,3.0,3,2,59.0,0
CLT-3215,2024-08-08,Logistics,Basic,12,258.57,21,3,2.6,35,0,6.0,1
CLT-3216,2025-01-26,Education,Basic,6,354.32,22,5,0.1,1,0,66.0,0
CLT-3217,2024-09-23,Real Estate,Enterprise,24,3188.49,20,3,5.2,3,1,26.0,0
CLT-3218,2025-01-02,Finance,Enterprise,12,2398.16,21,3,8.2,4,0,34.0,0
CLT-3219,2023-12-29,Education,Basic,1,370.51,12,1,7.1,16,0,3.0,1
CLT-3220,2023-07-02,Education,Basic,1,270.58,12,9,9.5,8,0,44.0,0
CLT-3221,2023-07-31,Finance,Basic,6,291.26,9,3,3.0,39,2,6.0,1
CLT-3222,2024-07-04,eCommerce,Basic,6,296.13,15,1,7.6,10,2,39.0,0
CLT-3223,2024-04-23,Education,Basic,12,419.36,10,5,1.7,44,1,,1
CLT-3224,2023-03-11,Finance,Enterprise,12,2321.86,11,5,7.1,17,0,22.0,0
CLT-3225,2023-07-03,Finance,Basic,6,263.26,19,3,9.9,10,0,-22.0,0
CLT-3226,2025-05-20,Logistics,Pro,24,1219.87,23,3,6.5,30,2,84.0,1
CLT-3227,2024-10-15,Education,Basic,6,269.15,17,4,10.0,13,0,4.0,0
CLT-3228,2024-11-10,Finance,Basic,12,398.27,28,2,3.2,2,1,37.0,1
CLT-3229,2023-06-27,Education,Pro,24,1071.25,8,7,4.6,13,1,12.0,0
CLT-3230,2023-02-27,Finance,Basic,12,343.84,1,2,2.3,13,0,56.0,0
CLT-3231,2023-09-20,Education,Pro,12,1125.72,20,5,5.1,2,1,21.0,0
CLT-3232,2025-02-10,Healthcare,Basic,12,370.68,8,1,5.8,7,1,11.0,0
CLT-3233,2024-03-31,Education,Enterprise,1,2165.79,12,2,5.1,12,2,45.0,0
CLT-3234,2024-12-07,Healthcare,Pro,1,1259.71,1,5,3.6,11,0,-2.0,0
CLT-3235,2024-03-14,Education,Enterprise,12,3412.83,7,3,3.5,22,2,20.0,0
CLT-3236,2024-03-17,Education,Basic,1,401.39,2,6,6.0,44,0,47.0,0
CLT-3237,2024-06-24,Finance,Basic,6,352.01,11,1,4.5,11,1,68.0,0
CLT-3238,2025-05-13,Logistics,Basic,6,334.1,11,1,1.5,12,0,,0
CLT-3239,2024-01-29,Real Estate,Pro,24,1009.59,15,3,0.0,23,1,15.0,0
CLT-3240,2024-06-20,eCommerce,Basic,24,242.69,24,3,,1,1,39.0,0
CLT-3241,2025-04-07,Logistics,Basic,12,329.9,19,6,0.9,6,0,-20.0,1
CLT-3242,2023-12-02,Real Estate,Basic,12,352.28,1,0,2.5,7,2,64.0,0
CLT-3243,2025-01-25,Real Estate,Basic,6,358.57,19,2,3.7,63,1,5.0,1
CLT-3244,2024-04-26,Logistics,Basic,1,299.79,15,4,4.6,54,3,19.0,0
CLT-3245,2025-03-02,Education,Basic,12,324.83,13,2,3.0,1,1,37.0,0
CLT-3246,2024-02-26,eCommerce,Basic,12,354.54,14,2,11.6,3,0,31.0,0
CLT-3247,2024-07-20,Real Estate,Pro,6,951.28,16,3,1.2,11,1,6.0,0
CLT-3248,2023-10-18,Education,Basic,12,413.18,8,1,8.6,0,3,73.0,0
CLT-3249,2024-07-25,Education,Basic,12,366.98,13,3,4.5,5,1,-34.0,0
CLT-3250,2023-10-21,Education,Pro,6,720.69,23,5,3.0,43,1,2.0,1
CLT-3251,2024-07-02,Education,Pro,6,732.57,8,3,6.8,12,0,14.0,0
CLT-3252,2024-12-10,Education,Basic,12,364.25,6,3,3.6,8,1,6.0,0
CLT-3253,2024-01-27,Finance,Pro,12,942.83,14,4,2.6,12,0,60.0,1
CLT-3254,2024-01-22,Logistics,Enterprise,24,3259.21,5,2,10.4,17,2,-11.0,0
CLT-3255,2023-10-17,eCommerce,Pro,12,813.43,1,1,0.0,12,2,69.0,0
CLT-3256,2024-10-19,Real Estate,Enterprise,12,2020.74,11,0,4.3,4,1,23.0,0
CLT-3257,2024-06-16,Logistics,Pro,12,929.56,26,2,5.6,8,2,-4.0,1
CLT-3258,2024-04-09,SaaS,Basic,1,372.49,14,1,9.2,12,2,-23.0,0
CLT-3259,2023-01-23,Education,Basic,12,414.91,15,6,3.8,5,1,25.0,1
CLT-3260,2023-04-10,Real Estate,Pro,12,1197.17,1,2,13.0,1,3,12.0,0
CLT-3261,2023-01-07,Finance,Enterprise,12,2726.11,18,2,7.3,15,0,36.0,0
CLT-3262,2025-02-04,eCommerce,Basic,1,386.31,15,1,0.0,4,1,19.0,0
CLT-3263,2025-02-05,Finance,Basic,24,252.66,9,2,0.6,1,1,54.0,0
CLT-3264,2023-03-03,Real Estate,Pro,24,1029.03,15,7,5.7,1,2,,0
CLT-3265,2023-02-11,Logistics,Basic,1,406.37,15,3,1.6,21,0,19.0,0
CLT-3266,2024-12-04,Logistics,Pro,6,934.05,6,3,6.6,15,1,,0
CLT-3267,2024-04-17,Logistics,Pro,6,1238.45,17,5,3.6,10,2,36.0,0
CLT-3268,2023-10-06,Finance,Pro,12,839.17,24,2,1.4,22,2,49.0,1
CLT-3269,2024-07-07,eCommerce,Enterprise,12,2158.45,12,1,2.1,19,2,59.0,0
CLT-3270,2023-08-01,Education,Pro,6,1003.37,7,4,7.6,11,2,23.0,0
CLT-3271,2023-06-28,Finance,Pro,12,1209.91,13,6,0.0,3,0,31.0,1
CLT-3272,2023-11-27,eCommerce,Pro,6,888.09,21,1,8.1,52,1,51.0,0
CLT-3273,2025-03-17,eCommerce,Pro,12,1152.09,4,0,8.2,25,3,,1
CLT-3274,2024-11-21,Real Estate,Enterprise,6,2253.8,19,3,4.0,15,1,,1
CLT-3275,2023-06-21,Education,Basic,12,374.2,9,3,0.8,2,2,24.0,0
CLT-3276,2024-05-20,Finance,Pro,12,1020.79,16,4,6.7,5,0,39.0,0
CLT-3277,2025-03-07,Education,Basic,6,271.5,9,2,3.5,0,0,10.0,0
CLT-3278,2025-05-06,Education,Enterprise,12,3077.13,9,1,0.5,35,1,57.0,0
CLT-3279,2024-11-17,Real Estate,Pro,24,1105.43,26,8,10.7,22,2,12.0,0
CLT-3280,2023-04-26,Logistics,Basic,12,332.78,3,5,2.3,1,1,19.0,0
CLT-3281,2023-08-05,eCommerce,Basic,24,280.58,18,2,0.6,17,2,13.0,1
CLT-3282,2023-07-16,Real Estate,Basic,12,263.81,28,7,5.9,12,0,,0
CLT-3283,2023-05-16,eCommerce,Pro,12,1236.92,19,3,4.8,4,4,-22.0,0
CLT-3284,2023-06-07,SaaS,Basic,6,358.05,3,2,9.5,11,2,75.0,0
CLT-3285,2023-10-12,Education,Basic,12,385.66,4,2,3.9,30,2,67.0,1
CLT-3286,2024-05-14,Education,Enterprise,6,3045.46,8,7,3.9,11,1,16.0,0
CLT-3287,2023-12-25,Real Estate,Pro,1,1167.92,15,4,6.0,2,1,56.0,0
CLT-3288,2024-01-14,SaaS,Basic,6,269.25,16,4,5.6,24,0,33.0,1
CLT-3289,2023-08-10,SaaS,Basic,1,329.45,4,4,5.7,8,2,,0
CLT-3290,2023-05-16,SaaS,Enterprise,24,3000.69,7,1,5.8,9,2,54.0,0
CLT-3291,2025-06-18,Education,Pro,24,775.83,8,3,5.5,39,0,85.0,0
CLT-3292,2024-06-23,eCommerce,Pro,12,800.98,13,2,3.8,33,3,-9.0,1
CLT-3293,2023-07-26,eCommerce,Basic,1,354.12,30,5,7.5,3,2,35.0,0
CLT-3294,2024-12-29,Finance,Basic,24,396.37,7,4,3.9,1,1,-13.0,1
CLT-3295,2025-01-17,Finance,Basic,12,358.87,6,2,7.4,9,1,17.0,0
CLT-3296,2025-05-20,Education,Pro,6,739.55,5,4,9.2,4,1,86.0,0
CLT-3297,2023-05-24,Healthcare,Basic,12,414.68,19,4,3.0,66,1,42.0,1
CLT-3298,2024-07-29,Logistics,Basic,12,265.11,14,3,12.2,4,1,55.0,0
CLT-3299,2025-06-01,eCommerce,Pro,1,845.58,7,5,2.9,8,0,43.0,0
CLT-3300,2024-12-27,Finance,Enterprise,12,3462.45,11,5,2.9,1,0,41.0,0
CLT-3301,2023-07-22,SaaS,Pro,12,1136.36,8,3,6.6,32,0,17.0,0
CLT-3302,2025-03-14,Education,Basic,6,408.58,16,2,6.3,4,1,12.0,0
CLT-3303,2024-01-15,Real Estate,Basic,12,385.19,35,5,5.2,7,1,16.0,1
CLT-3304,2024-03-16,Education,Basic,12,357.31,18,6,7.5,10,0,-38.0,1
CLT-3305,2024-05-17,Real Estate,Basic,12,291.22,13,2,5.8,6,3,,0
CLT-3306,2024-11-25,eCommerce,Pro,24,896.52,9,0,11.2,14,0,36.0,0
CLT-3307,2023-04-19,Education,Basic,12,410.51,3,1,4.8,2,0,15.0,0
CLT-3308,2024-04-30,Logistics,Pro,12,1184.74,20,4,2.4,21,2,,0
CLT-3309,2025-01-05,Real Estate,Enterprise,12,2539.24,19,2,3.3,13,1,43.0,0
CLT-3310,2024-05-08,Healthcare,Enterprise,12,2559.9,10,3,6.4,5,1,52.0,0
CLT-3311,2023-09-05,Healthcare,Basic,12,293.58,24,3,6.5,3,2,0.0,0
CLT-3312,2023-02-20,Real Estate,Basic,1,298.7,14,1,5.6,12,0,10.0,0
CLT-3313,2024-05-09,eCommerce,Basic,12,394.92,20,5,2.5,47,0,49.0,1
CLT-3314,2024-09-25,eCommerce,Basic,12,241.89,16,2,8.3,8,1,45.0,0
CLT-3315,2024-05-09,eCommerce,Basic,12,318.49,13,2,10.8,3,2,64.0,0
CLT-3316,2025-05-31,SaaS,Basic,24,409.71,6,2,5.1,1,1,63.0,0
CLT-3317,2024-06-26,Finance,Pro,12,1013.02,13,4,10.4,11,0,90.0,0
CLT-3318,2024-04-02,eCommerce,Basic,6,321.08,21,6,7.6,3,1,23.0,0
CLT-3319,2023-02-19,eCommerce,Enterprise,1,2468.55,10,3,11.7,29,0,69.0,0
CLT-3320,2024-05-17,eCommerce,Basic,1,253.3,18,1,6.4,32,2,7.0,1
CLT-3321,2023-06-01,Finance,Basic,6,280.41,5,7,5.4,1,1,90.0,1
CLT-3322,2024-10-14,Real Estate,Basic,12,256.28,20,2,7.5,8,2,41.0,0
CLT-3323,2023-05-26,Healthcare,Basic,6,262.81,17,6,3.7,16,1,44.0,1
CLT-3324,2025-03-27,Healthcare,Basic,6,269.43,4,5,6.2,4,1,55.0,0
CLT-3325,2023-09-29,SaaS,Enterprise,6,2453.04,12,3,9.0,7,1,-4.0,1
CLT-3326,2024-01-26,Healthcare,Basic,12,241.98,21,3,7.5,10,0,3.0,0
CLT-3327,2023-05-11,eCommerce,Basic,12,411.03,4,4,4.9,41,0,33.0,1
CLT-3328,2023-07-09,Education,Pro,6,786.86,5,4,5.6,7,1,39.0,0
CLT-3329,2025-04-09,SaaS,Basic,6,308.97,13,6,7.3,2,2,82.0,0
CLT-3330,2023-09-13,Healthcare,Pro,1,1194.94,31,3,7.2,0,1,6.0,1
CLT-3331,2024-04-06,Education,Basic,1,259.18,9,2,7.3,17,2,69.0,0
CLT-3332,2025-06-02,Education,Pro,6,981.15,18,6,6.0,1,1,23.0,0
CLT-3333,2024-07-15,Real Estate,Basic,1,392.06,16,6,2.5,12,0,23.0,0
CLT-3334,2023-02-07,eCommerce,Basic,6,340.25,9,2,3.0,25,1,26.0,0
CLT-3335,2023-11-18,Healthcare,Pro,24,833.59,15,1,6.4,5,1,22.0,0
CLT-3336,2023-12-15,eCommerce,Enterprise,12,3103.26,10,3,7.5,15,0,42.0,0
CLT-3337,2023-09-06,Logistics,Basic,12,362.64,11,2,7.1,22,0,20.0,0
CLT-3338,2023-08-06,Healthcare,Pro,1,915.58,1,4,3.0,13,1,-5.0,0
CLT-3339,2024-03-28,Logistics,Basic,6,248.33,14,1,4.5,2,2,23.0,0
CLT-3340,2023-12-06,Logistics,Basic,24,241.42,21,3,1.5,9,3,41.0,0
CLT-3341,2023-09-22,Finance,Basic,6,388.57,14,4,0.8,35,1,-5.0,1
CLT-3342,2024-01-07,Healthcare,Pro,12,893.64,23,1,5.2,32,0,45.0,0
CLT-3343,2023-11-06,Finance,Basic,24,264.8,19,0,9.1,8,1,60.0,0
CLT-3344,2023-07-25,Healthcare,Pro,12,1000.02,14,2,5.3,26,1,67.0,0
CLT-3345,2024-02-12,Logistics,Basic,6,405.75,9,0,10.7,5,0,38.0,0
CLT-3346,2025-04-28,Logistics,Enterprise,12,2012.72,10,6,4.5,13,1,-15.0,0
CLT-3347,2024-03-31,Education,Pro,1,750.32,2,2,5.1,4,2,46.0,0
CLT-3348,2024-06-21,Real Estate,Basic,1,315.07,12,4,2.0,5,0,54.0,0
CLT-3349,2025-06-04,Education,Basic,1,361.67,15,5,4.0,4,1,13.0,1
CLT-3350,2024-07-06,Healthcare,Basic,24,325.7,28,0,1.4,10,0,28.0,0
CLT-3351,2023-07-20,Real Estate,Enterprise,12,3346.32,18,2,0.4,5,1,42.0,0
CLT-3352,2023-12-25,Real Estate,Basic,6,247.94,7,1,1.5,7,2,75.0,0
CLT-3353,2024-03-15,Logistics,Pro,6,903.68,2,1,5.3,13,0,24.0,0
CLT-3354,2024-03-03,Logistics,Basic,12,303.24,12,3,2.8,0,0,52.0,0
CLT-3355,2023-05-15,SaaS,Pro,24,903.67,20,3,3.5,17,0,38.0,0
CLT-3356,2023-04-06,Education,Basic,6,327.78,12,2,6.2,3,1,35.0,0
CLT-3357,2023-11-11,Education,Pro,6,1146.91,18,4,0.4,26,0,63.0,0
CLT-3358,2025-04-02,SaaS,Enterprise,24,2476.82,13,5,5.2,21,1,9.0,0
CLT-3359,2024-10-07,Finance,Basic,24,374.01,20,1,7.5,1,1,36.0,0
CLT-3360,2025-01-27,Logistics,Pro,24,799.09,1,6,7.8,3,2,31.0,0
CLT-3361,2023-06-07,SaaS,Basic,6,340.93,27,5,6.5,19,1,-8.0,0
CLT-3362,2024-01-08,Real Estate,Basic,1,307.52,5,1,4.8,2,1,61.0,0
CLT-3363,2024-06-07,Education,Enterprise,12,2808.82,20,5,3.1,0,1,51.0,0
CLT-3364,2024-01-26,eCommerce,Pro,6,778.18,12,2,4.8,6,2,31.0,0
CLT-3365,2024-01-11,Finance,Pro,24,1234.87,13,2,10.0,1,1,23.0,0
CLT-3366,2023-11-20,Healthcare,Basic,1,403.12,12,4,5.8,3,0,30.0,0
CLT-3367,2023-02-16,eCommerce,Basic,12,388.75,16,2,4.7,4,0,48.0,0
CLT-3368,2025-02-10,Healthcare,Basic,24,400.7,18,4,6.7,15,3,31.0,0
CLT-3369,2025-04-19,Real Estate,Pro,24,799.21,22,3,5.1,6,2,13.0,0
CLT-3370,2023-03-14,Logistics,Basic,12,330.67,25,3,5.7,3,1,17.0,0
CLT-3371,2024-01-08,Finance,Basic,24,297.22,17,3,4.3,11,0,30.0,0
CLT-3372,2024-04-11,eCommerce,Basic,1,399.73,28,4,3.8,5,1,7.0,0
CLT-3373,2024-12-06,Finance,Basic,6,274.1,15,1,8.0,20,4,38.0,0
CLT-3374,2025-06-07,Real Estate,Basic,1,279.59,23,3,0.0,24,1,10.0,1
CLT-3375,2024-01-10,SaaS,Basic,24,363.61,17,4,6.4,3,2,6.0,1
CLT-3376,2024-11-05,Finance,Enterprise,24,2133.35,10,2,3.6,1,2,100.0,0
CLT-3377,2025-04-23,Healthcare,Pro,1,1115.48,15,4,0.0,3,0,78.0,1
CLT-3378,2025-01-17,Logistics,Basic,1,288.26,18,3,2.1,14,0,34.0,0
CLT-3379,2023-09-19,Logistics,Pro,6,1076.91,14,2,4.9,21,1,51.0,1
CLT-3380,2025-01-05,SaaS,Pro,6,1191.44,17,4,5.3,25,1,56.0,0
CLT-3381,2024-01-07,eCommerce,Basic,12,349.73,21,0,7.2,24,0,28.0,0
CLT-3382,2023-01-16,Logistics,Basic,6,278.28,14,4,7.4,7,2,37.0,0
CLT-3383,2024-11-13,Healthcare,Basic,12,248.85,1,4,0.4,7,0,23.0,0
CLT-3384,2025-01-21,SaaS,Basic,12,248.03,27,3,6.1,23,3,61.0,1
CLT-3385,2023-11-06,SaaS,Pro,6,767.96,12,3,7.2,4,3,62.0,0
CLT-3386,2024-02-10,Education,Enterprise,1,2869.73,7,7,5.7,31,1,69.0,0
CLT-3387,2023-11-24,eCommerce,Basic,24,302.68,5,5,6.5,6,2,37.0,0
CLT-3388,2023-04-16,SaaS,Pro,12,851.28,11,1,0.0,2,3,84.0,0
CLT-3389,2025-06-14,Real Estate,Basic,12,279.48,9,0,2.0,15,1,28.0,0
CLT-3390,2023-01-21,SaaS,Pro,6,1232.23,8,4,9.1,7,0,81.0,0
CLT-3391,2024-05-15,Logistics,Pro,24,784.16,9,2,4.2,12,1,18.0,0
CLT-3392,2023-01-14,Real Estate,Basic,12,294.87,18,1,11.7,4,0,-2.0,0
CLT-3393,2024-09-12,Logistics,Basic,12,324.87,30,3,1.2,2,1,81.0,0
CLT-3394,2025-03-21,Real Estate,Pro,12,720.24,21,4,9.7,15,1,47.0,0
CLT-3395,2024-08-02,Education,Enterprise,24,3381.43,23,2,3.2,8,1,43.0,0
CLT-3396,2024-06-29,Logistics,Basic,6,257.84,11,4,7.6,9,1,21.0,0
CLT-3397,2025-01-15,Healthcare,Basic,12,362.84,15,3,4.1,4,1,9.0,0
CLT-3398,2025-05-26,SaaS,Basic,12,353.2,17,4,5.3,4,0,11.0,0
CLT-3399,2025-02-14,eCommerce,Pro,12,1156.89,9,6,6.8,19,1,33.0,0
CLT-3400,2023-07-28,SaaS,Pro,24,1071.75,11,4,3.2,23,1,26.0,0
CLT-3401,2024-05-21,SaaS,Pro,24,1135.47,21,5,7.4,1,1,-19.0,0
CLT-3402,2025-01-06,eCommerce,Pro,12,947.47,23,1,4.2,10,1,72.0,0
CLT-3403,2023-09-23,eCommerce,Enterprise,12,2733.06,15,2,5.5,0,2,20.0,0
CLT-3404,2024-08-30,SaaS,Pro,24,1098.9,4,4,0.0,3,0,61.0,1
CLT-3405,2023-01-21,Healthcare,Basic,24,342.32,12,0,4.0,13,1,12.0,0
CLT-3406,2025-02-28,Real Estate,Pro,12,996.23,2,5,8.8,10,1,34.0,0
CLT-3407,2024-07-06,eCommerce,Basic,1,277.0,15,6,7.1,1,2,54.0,1
CLT-3408,2024-10-30,eCommerce,Basic,6,286.46,16,3,7.7,5,2,51.0,0
CLT-3409,2025-01-12,SaaS,Enterprise,24,2537.75,12,3,5.2,3,0,23.0,0
CLT-3410,2023-07-16,SaaS,Pro,12,725.01,16,3,10.0,13,1,43.0,0
CLT-3411,2024-02-10,eCommerce,Enterprise,12,2626.05,17,5,5.9,34,0,47.0,0
CLT-3412,2025-02-11,Real Estate,Basic,12,240.5,16,6,3.0,11,1,26.0,0
CLT-3413,2023-05-29,Logistics,Pro,12,1025.11,4,3,7.6,15,2,2.0,0
CLT-3414,2025-01-10,Education,Basic,12,366.73,12,3,7.8,1,2,14.0,0
CLT-3415,2023-09-17,Logistics,Basic,12,341.19,17,2,6.9,12,1,21.0,0
CLT-3416,2024-06-01,Logistics,Basic,6,364.83,27,3,3.8,6,1,31.0,0
CLT-3417,2024-04-03,Finance,Pro,12,720.01,12,3,5.8,3,1,70.0,0
CLT-3418,2024-09-09,eCommerce,Basic,12,250.7,18,1,9.2,1,0,53.0,0
CLT-3419,2025-01-23,Education,Enterprise,12,3047.69,21,2,6.4,2,0,10.0,0
CLT-3420,2023-11-11,Finance,Basic,6,384.52,12,1,0.6,2,0,76.0,0
CLT-3421,2023-06-04,Real Estate,Basic,12,369.19,23,4,3.1,5,1,28.0,0
CLT-3422,2024-01-16,Education,Pro,1,1078.03,24,3,3.0,1,0,47.0,0
CLT-3423,2024-07-04,SaaS,pro,1,367.33,25,3,2.7,31,4,7.0,1
CLT-3424,2024-11-06,Finance,Enterprise,12,3109.38,18,2,0.0,11,1,19.0,0
CLT-3425,2024-11-09,Real Estate,Pro,1,1111.16,33,2,10.7,13,2,56.0,0
CLT-3426,2023-11-02,eCommerce,Basic,24,372.84,9,4,2.4,2,0,8.0,0
CLT-3427,2025-04-22,SaaS,Pro,24,759.97,31,3,2.6,6,3,31.0,0
CLT-3428,2023-03-16,Education,Pro,1,754.17,20,4,0.0,5,1,42.0,0
CLT-3429,2023-04-16,Real Estate,Pro,12,915.0,25,1,7.6,3,1,4.0,0
CLT-3430,2023-01-23,Healthcare,Pro,12,1004.9,11,1,4.7,6,1,-14.0,0
CLT-3431,2025-04-13,Healthcare,Pro,12,1131.81,21,0,3.9,24,2,53.0,1
CLT-3432,2023-06-12,Finance,Pro,24,900.74,25,0,4.1,22,0,100.0,0
CLT-3433,2024-06-25,Healthcare,Basic,12,289.52,5,3,6.8,57,3,41.0,0
CLT-3434,2025-01-01,SaaS,Pro,1,1141.98,13,8,3.6,1,1,46.0,1
CLT-3435,2024-11-21,eCommerce,Enterprise,1,2374.01,1,3,0.0,5,1,8.0,0
CLT-3436,2025-05-03,eCommerce,Pro,12,1163.25,13,2,1.1,3,0,67.0,0
CLT-3437,2023-02-18,Logistics,Pro,24,815.65,7,2,,11,1,21.0,0
CLT-3438,2024-01-02,Education,Basic,12,304.71,12,3,5.8,6,1,59.0,0
CLT-3439,2024-03-31,Education,Pro,6,936.58,37,1,7.8,23,2,45.0,0
CLT-3440,2024-09-18,Logistics,Enterprise,1,2449.27,28,2,9.4,23,0,46.0,0
CLT-3441,2024-07-14,Education,Basic,24,240.6,2,3,0.1,10,0,45.0,0
CLT-3442,2024-05-18,Healthcare,Basic,6,282.39,18,1,6.9,2,3,44.0,0
CLT-3443,2023-10-04,Logistics,Pro,12,902.33,20,6,3.2,1,1,37.0,0
CLT-3444,2023-04-06,SaaS,Basic,12,296.45,11,2,13.8,1,0,54.0,0
CLT-3445,2024-01-24,Real Estate,Pro,6,1144.2,15,3,9.2,23,1,12.0,0
CLT-3446,2023-08-22,Real Estate,Basic,1,248.53,16,2,10.1,12,1,24.0,0
CLT-3447,2024-05-13,SaaS,Basic,6,310.01,3,4,7.4,5,1,67.0,0
CLT-3448,2024-12-18,Real Estate,Pro,6,740.26,6,1,6.1,10,0,34.0,0
CLT-3449,2024-05-12,Education,Pro,12,1222.55,15,3,3.8,5,0,22.0,0
CLT-3450,2024-06-08,Healthcare,Pro,12,1146.71,15,3,3.2,8,1,56.0,0
CLT-3451,2023-02-07,Real Estate,Pro,6,1250.37,8,3,2.6,4,1,51.0,0
CLT-3452,2024-08-03,Healthcare,Pro,12,1211.49,8,3,6.9,6,1,-2.0,0
CLT-3453,2024-01-31,eCommerce,Pro,1,890.54,13,5,9.7,3,1,48.0,0
CLT-3454,2023-04-22,SaaS,Pro,6,1093.46,21,3,3.9,1,3,33.0,0
CLT-3455,2023-07-12,Healthcare,Pro,12,885.54,13,3,2.8,0,5,48.0,0
CLT-3456,2024-12-03,Education,Pro,12,1199.63,27,3,0.5,8,0,30.0,1
CLT-3457,2025-04-05,Finance,Basic,12,313.94,8,1,5.7,13,2,42.0,1
CLT-3458,2024-04-01,Logistics,Basic,1,307.66,16,2,8.7,1,1,-16.0,0
CLT-3459,2025-05-28,Logistics,Pro,12,1213.6,11,4,8.8,9,0,8.0,0
CLT-3460,2023-06-12,Logistics,Enterprise,12,3255.11,19,6,9.1,37,1,49.0,0
CLT-3461,2023-09-27,Real Estate,Pro,24,1241.86,8,3,6.2,5,1,96.0,0
CLT-3462,2025-04-17,Healthcare,Basic,12,251.97,29,5,5.3,4,2,39.0,0
CLT-3463,2023-06-07,Logistics,Pro,24,851.4,1,3,8.8,0,0,13.0,0
CLT-3464,2024-08-16,Education,Basic,1,294.15,28,5,1.7,8,1,33.0,1
CLT-3465,2023-07-17,Healthcare,Pro,12,949.15,15,5,3.7,5,2,8.0,1
CLT-3466,2023-10-26,Real Estate,Pro,12,975.49,18,2,10.1,1,2,61.0,0
CLT-3467,2024-03-05,Real Estate,Pro,6,877.4,25,1,1.8,36,2,31.0,0
CLT-3468,2023-11-20,eCommerce,Pro,12,1146.84,21,5,4.9,18,1,56.0,1
CLT-3469,2025-02-26,Healthcare,Basic,12,280.18,8,1,6.9,6,2,26.0,0
CLT-3470,2025-05-25,SaaS,Basic,24,365.37,19,3,5.2,11,2,59.0,0
CLT-3471,2024-03-26,Real Estate,Enterprise,6,3277.65,29,2,8.4,29,3,-11.0,1
CLT-3472,2024-04-17,Logistics,Pro,24,1046.0,7,4,9.6,1,0,31.0,0
CLT-3473,2023-02-19,Logistics,Pro,12,911.25,31,0,6.4,3,2,43.0,0
CLT-3474,2023-07-30,Finance,Basic,12,273.82,17,1,9.2,16,1,23.0,0
CLT-3475,2023-02-05,SaaS,Basic,12,264.18,11,1,2.2,5,0,39.0,0
CLT-3476,2025-02-09,Education,Basic,6,373.95,7,3,4.5,9,0,39.0,0
CLT-3477,2023-07-24,Education,Basic,24,324.44,12,3,12.2,8,0,56.0,0
CLT-3478,2023-11-03,Real Estate,Basic,24,248.34,1,3,10.8,4,1,46.0,0
CLT-3479,2025-01-28,eCommerce,Enterprise,24,3475.76,11,3,1.2,2,0,,0
CLT-3480,2024-10-03,Healthcare,Pro,24,1082.5,12,2,5.0,9,2,52.0,0
CLT-3481,2024-07-13,Logistics,Basic,12,391.95,5,6,5.4,1,0,-4.0,0
CLT-3482,2023-02-04,Finance,Basic,12,318.87,20,1,6.2,25,2,11.0,1
CLT-3483,2024-05-21,Logistics,Basic,24,411.98,12,3,8.8,1,0,-5.0,0
CLT-3484,2024-05-19,Real Estate,Pro,1,827.74,9,2,10.5,4,4,44.0,0
CLT-3485,2023-10-15,Logistics,Basic,12,273.32,11,4,5.1,9,0,40.0,0
CLT-3486,2024-11-01,SaaS,Pro,12,1200.78,17,5,8.4,4,2,65.0,0
CLT-3487,2025-04-16,Logistics,Pro,12,1201.53,15,2,6.9,3,0,,1
CLT-3488,2023-08-22,SaaS,Basic,6,329.82,8,2,4.9,2,0,14.0,0
CLT-3489,2023-10-26,Finance,Pro,6,787.92,15,3,0.0,1,4,33.0,0
CLT-3490,2023-10-18,Finance,Enterprise,1,2457.82,14,1,8.1,1,1,-17.0,1
CLT-3491,2025-01-21,Real Estate,Basic,12,375.75,5,5,6.8,15,0,20.0,0
CLT-3492,2023-03-11,Healthcare,Basic,12,392.28,12,1,6.2,5,4,-29.0,0
CLT-3493,2025-03-17,Education,Enterprise,6,2521.48,19,4,2.1,11,0,38.0,0
CLT-3494,2024-11-28,Logistics,Enterprise,6,2091.85,19,4,10.9,31,0,23.0,0
CLT-3495,2024-03-11,Logistics,Pro,12,1079.49,12,5,5.5,24,1,27.0,1
CLT-3496,2024-06-09,Real Estate,Pro,6,1119.33,19,2,1.6,2,1,7.0,0
CLT-3497,2025-03-15,eCommerce,Basic,12,316.32,6,3,1.1,35,2,13.0,1
CLT-3498,2024-11-23,SaaS,Pro,1,1034.87,6,2,7.0,11,1,47.0,0
CLT-3499,2023-09-07,eCommerce,Basic,12,417.73,12,7,7.1,38,2,-6.0,1
CLT-3500,2023-02-15,Real Estate,Basic,6,284.1,26,3,3.6,22,2,43.0,1
CLT-3501,2024-08-15,Healthcare,Pro,12,1029.41,15,5,6.4,15,3,10.0,1
CLT-3502,2023-05-12,Real Estate,Enterprise,12,2916.44,12,3,7.0,49,1,-12.0,1
CLT-3503,2023-03-21,eCommerce,Pro,12,1016.52,26,2,,23,0,61.0,0
CLT-3504,2025-06-03,Finance,Basic,12,396.44,12,2,2.9,3,2,63.0,0
CLT-3505,2024-03-02,Healthcare,Basic,12,348.9,32,4,7.9,34,3,,1
CLT-3506,2024-08-08,Education,Enterprise,6,2761.84,10,8,7.5,22,1,16.0,0
CLT-3507,2023-07-15,Healthcare,Enterprise,12,2184.52,6,7,6.7,1,0,24.0,0
CLT-3508,2023-04-02,Real Estate,Pro,6,1099.73,13,3,2.5,2,0,10.0,0
CLT-3509,2023-02-26,Logistics,Pro,12,791.34,12,6,1.0,21,1,14.0,1
CLT-3510,2023-11-15,eCommerce,Basic,12,244.78,8,1,5.2,2,0,41.0,0
CLT-3511,2023-01-04,eCommerce,Basic,12,327.94,35,4,7.8,11,0,82.0,0
CLT-3512,2024-01-14,Healthcare,Basic,12,343.04,17,5,,1,0,21.0,0
CLT-3513,2023-10-20,Education,Basic,6,419.83,18,4,6.8,0,1,56.0,0
CLT-3514,2024-04-19,eCommerce,Basic,6,368.22,10,3,3.6,16,0,39.0,1
CLT-3515,2024-06-14,Real Estate,Pro,1,1178.24,9,0,2.6,8,5,-12.0,1
CLT-3516,2023-10-05,Logistics,Basic,12,302.35,22,1,4.9,7,0,29.0,0
CLT-3517,2024-02-14,Logistics,Basic,12,331.6,1,1,5.0,2,0,26.0,0
CLT-3518,2023-03-12,Real Estate,Pro,12,1246.11,5,3,8.3,7,3,67.0,0
CLT-3519,2023-09-29,SaaS,Basic,12,315.13,12,3,3.6,2,0,68.0,0
CLT-3520,2025-05-30,SaaS,Basic,6,385.31,25,4,3.8,31,0,39.0,0
CLT-3521,2025-06-11,Real Estate,Pro,24,1004.03,11,3,11.2,2,1,60.0,0
CLT-3522,2024-03-13,Education,Basic,1,280.31,17,3,9.7,9,3,26.0,1
CLT-3523,2025-04-25,SaaS,Pro,6,1033.43,14,3,2.4,12,0,,0
CLT-3524,2024-03-27,Finance,Enterprise,24,2327.09,24,2,9.4,8,1,33.0,0
CLT-3525,2023-04-24,Logistics,Basic,6,240.54,1,2,1.6,1,2,57.0,0
CLT-3526,2025-02-20,SaaS,Enterprise,1,2353.84,20,0,3.7,15,0,60.0,0
CLT-3527,2024-01-09,Healthcare,Enterprise,6,2289.72,12,4,4.0,0,1,48.0,1
CLT-3528,2024-07-05,eCommerce,Pro,12,920.3,21,2,4.8,29,1,11.0,1
CLT-3529,2024-08-06,Finance,Pro,6,1199.84,7,4,6.9,6,0,19.0,0
CLT-3530,2023-10-05,Real Estate,Pro,12,929.44,14,1,5.3,11,1,49.0,0
CLT-3531,2024-10-22,Healthcare,Pro,12,1176.4,13,3,6.8,6,0,52.0,0
CLT-3532,2024-03-27,eCommerce,Pro,6,1020.03,6,2,3.8,3,2,34.0,1
CLT-3533,2023-11-26,Real Estate,pro,6,241.37,4,3,6.1,17,0,22.0,0
CLT-3534,2023-09-26,SaaS,Enterprise,12,2283.11,9,2,5.2,6,0,35.0,0
CLT-3535,2024-11-02,eCommerce,Pro,6,1222.89,15,1,0.8,8,0,23.0,0
CLT-3536,2023-08-13,eCommerce,Pro,12,1046.25,8,1,6.4,29,2,23.0,0
CLT-3537,2023-04-22,Logistics,Basic,12,407.32,11,4,5.3,2,0,79.0,0
CLT-3538,2025-03-04,Logistics,Basic,1,295.82,1,8,2.9,46,2,18.0,1
CLT-3539,2023-10-26,Real Estate,Pro,12,1106.94,11,2,3.7,7,1,43.0,0
CLT-3540,2024-07-30,SaaS,Pro,12,1136.89,22,4,3.8,3,0,34.0,1
CLT-3541,2024-10-06,Healthcare,Basic,12,415.63,20,4,4.3,18,2,-1.0,0
CLT-3542,2025-01-24,Education,Basic,12,243.27,13,0,10.3,28,2,-2.0,1
CLT-3543,2024-07-17,eCommerce,Basic,24,411.4,16,1,11.3,3,3,28.0,0
CLT-3544,2024-09-29,eCommerce,Pro,12,931.46,7,4,0.0,2,0,-19.0,0
CLT-3545,2025-01-23,SaaS,Basic,12,390.84,27,2,6.5,39,1,76.0,0
CLT-3546,2025-04-29,Education,Enterprise,12,2817.07,31,3,7.9,4,2,21.0,0
CLT-3547,2023-02-12,SaaS,Basic,12,341.64,15,3,4.4,15,3,19.0,0
CLT-3548,2024-10-30,Logistics,Basic,6,304.69,35,0,7.8,18,1,61.0,1
CLT-3549,2023-06-06,Finance,Basic,12,389.13,9,4,10.0,0,0,26.0,0
CLT-3550,2025-03-13,Logistics,Pro,24,862.57,4,7,0.9,17,2,46.0,0
CLT-3551,2023-02-13,Healthcare,Basic,6,328.6,8,0,5.4,2,3,16.0,1
CLT-3552,2023-08-11,eCommerce,Pro,24,1022.49,12,3,10.9,9,0,31.0,0
CLT-3553,2023-06-22,SaaS,Enterprise,12,3113.78,32,0,1.3,6,2,54.0,0
CLT-3554,2024-06-27,eCommerce,Basic,12,324.89,12,4,4.7,14,1,8.0,0
CLT-3555,2023-01-04,Finance,Pro,24,1087.35,7,0,3.7,11,5,43.0,0
CLT-3556,2023-01-16,eCommerce,Basic,1,327.35,7,1,8.2,49,1,-30.0,1
CLT-3557,2024-03-29,SaaS,Basic,1,358.68,23,3,8.6,9,1,62.0,1
CLT-3558,2025-05-24,Education,Basic,6,361.35,22,2,5.5,24,1,16.0,0
CLT-3559,2024-04-20,Healthcare,Basic,12,367.7,10,3,5.1,5,2,28.0,1
CLT-3560,2024-02-06,Healthcare,Pro,6,1164.58,1,3,0.0,9,2,28.0,1
CLT-3561,2024-08-15,Education,Pro,24,1011.99,5,2,9.3,3,0,6.0,0
CLT-3562,2024-05-11,Real Estate,Pro,6,824.37,28,3,3.9,1,2,4.0,0
CLT-3563,2023-12-13,Finance,Pro,6,1087.01,20,0,4.6,5,0,43.0,0
CLT-3564,2024-06-13,Real Estate,Pro,12,761.64,15,3,7.9,9,0,44.0,0
CLT-3565,2023-01-03,Logistics,Basic,1,279.41,29,3,5.6,27,1,8.0,1
CLT-3566,2023-08-09,Finance,Basic,12,382.59,30,5,8.0,7,0,44.0,0
CLT-3567,2024-08-29,Real Estate,Basic,6,318.31,14,4,6.8,1,1,44.0,0
CLT-3568,2023-11-04,eCommerce,Pro,24,988.94,14,3,5.6,1,1,21.0,0
CLT-3569,2023-02-18,Finance,Enterprise,12,3481.1,9,1,5.9,3,1,-2.0,0
CLT-3570,2023-04-22,eCommerce,Basic,1,282.33,12,2,1.6,5,1,29.0,0
CLT-3571,2025-02-18,SaaS,Pro,1,730.56,2,5,4.6,7,1,39.0,0
CLT-3572,2023-10-24,Logistics,Pro,1,780.14,2,2,8.3,0,1,29.0,0
CLT-3573,2023-01-21,Finance,Pro,24,852.03,1,2,2.3,9,2,15.0,1
CLT-3574,2024-10-17,SaaS,Pro,12,1112.0,23,2,2.9,33,1,42.0,0
CLT-3575,2024-04-22,Education,Pro,12,1138.94,2,2,2.4,15,2,62.0,1
CLT-3576,2024-02-11,Education,Pro,6,1025.36,30,3,5.5,6,1,11.0,0
CLT-3577,2025-03-16,Finance,Enterprise,24,2382.57,8,5,9.2,5,2,23.0,0
CLT-3578,2023-10-10,Healthcare,Basic,6,333.91,28,4,6.6,4,0,99.0,0
CLT-3579,2024-05-30,eCommerce,Enterprise,12,2022.44,11,1,0.0,8,0,37.0,0
CLT-3580,2024-11-01,Real Estate,Basic,12,362.72,1,1,6.9,2,0,-2.0,0
CLT-3581,2024-07-01,SaaS,Pro,6,1051.72,24,4,3.7,4,1,18.0,0
CLT-3582,2023-07-07,Education,Basic,12,243.92,25,5,6.5,33,0,11.0,1
CLT-3583,2024-09-05,Logistics,Basic,6,387.06,7,7,4.6,10,0,40.0,0
CLT-3584,2024-10-31,Real Estate,Basic,6,377.42,11,0,2.4,1,0,38.0,0
CLT-3585,2023-04-21,Real Estate,Basic,24,295.48,7,8,4.8,0,1,14.0,0
CLT-3586,2023-05-29,Logistics,Basic,12,354.37,13,3,3.7,3,0,76.0,0
CLT-3587,2024-08-30,Real Estate,Basic,12,348.27,15,3,5.9,4,0,32.0,0
CLT-3588,2023-04-18,Education,Basic,12,265.77,11,3,2.3,1,3,19.0,0
CLT-3589,2025-03-03,Finance,Basic,6,274.79,1,3,1.6,1,1,-1.0,0
CLT-3590,2023-04-09,Finance,Pro,12,1088.93,9,2,7.2,3,0,8.0,0
CLT-3591,2025-05-26,Logistics,Enterprise,12,3400.33,20,0,8.3,1,1,-1.0,0
CLT-3592,2024-08-27,Education,Pro,6,1031.19,12,1,6.7,4,0,25.0,0
CLT-3593,2024-02-03,Healthcare,Basic,12,342.21,11,5,3.1,9,2,8.0,1
CLT-3594,2023-08-30,SaaS,Basic,12,356.4,7,2,2.8,14,1,50.0,0
CLT-3595,2023-11-07,Healthcare,Enterprise,12,2660.87,9,2,3.0,4,2,15.0,0
CLT-3596,2024-11-04,Finance,Basic,6,249.75,25,2,7.7,10,0,51.0,0
CLT-3597,2024-11-08,SaaS,Basic,24,311.37,5,0,2.5,10,0,42.0,0
CLT-3598,2023-07-07,Real Estate,Enterprise,6,3350.38,20,3,7.7,3,1,46.0,0
CLT-3599,2024-05-03,eCommerce,Enterprise,6,3207.42,14,3,6.9,20,2,52.0,0
